gpu,architecture_generation,architecture_chip,gpu_product_class,recommended_cuda_arch,sm_count,tensor_model_architecture_chip,tensor_model_accumulator_mode,tensor_model_reference_note,tensor_model_reference_url,tensor_model_reference_dense_tflops,tensor_model_reference_sparse_tflops,tensor_model_reference_dense_f16acc_tflops,tensor_model_reference_dense_f32acc_tflops,fp16_path,test_benchmark_schema_versions,baseline_benchmark_schema_versions,test_benchmark_schema_features,baseline_benchmark_schema_features,test_bench_build_git_commits,baseline_bench_build_git_commits,benchmark_schema_v2_count,benchmark_schema_v2_all,benchmark_schema_features_required_all,test_kernel,baseline_kernel,threads,threads_per_sm,blocks_per_sm_requested,launch_shape,condition_names,unroll,suppress_output_store,run_count,required_valid_no_l2_count,valid_count,valid_no_l2_count,valid_no_l2_requirement_met,expected_l2_touch_count,timed_kernel_memory_provenance_metadata_count,timed_kernel_memory_provenance_metadata_all,timed_kernel_has_intended_global_memory_count,test_timed_kernel_has_intended_global_memory_count,baseline_timed_kernel_has_intended_global_memory_count,valid_basic_expected_l2_touch_count,invalid_or_nonpositive_increment_count,separation_quality_counts,pure_fp16_candidate_count,matmul_denominator_valid_count,matmul_denominator_valid_all,matmul_denominator_metadata_complete_count,matmul_denominator_metadata_complete_all,matmul_denominator_source,matmul_denominator_note,stats_scope,stats_scope_note,expected_l2_touch,elapsed_s_n,elapsed_s_mean,elapsed_s_std,elapsed_s_min,elapsed_s_max,elapsed_s_ci95,baseline_elapsed_s_n,baseline_elapsed_s_mean,baseline_elapsed_s_std,baseline_elapsed_s_min,baseline_elapsed_s_max,baseline_elapsed_s_ci95,avg_gpu_util_pct_n,avg_gpu_util_pct_mean,avg_gpu_util_pct_std,avg_gpu_util_pct_min,avg_gpu_util_pct_max,avg_gpu_util_pct_ci95,max_gpu_util_pct_n,max_gpu_util_pct_mean,max_gpu_util_pct_std,max_gpu_util_pct_min,max_gpu_util_pct_max,max_gpu_util_pct_ci95,avg_sm_util_pct_n,avg_sm_util_pct_mean,avg_sm_util_pct_std,avg_sm_util_pct_min,avg_sm_util_pct_max,avg_sm_util_pct_ci95,max_sm_util_pct_n,max_sm_util_pct_mean,max_sm_util_pct_std,max_sm_util_pct_min,max_sm_util_pct_max,max_sm_util_pct_ci95,tflops_n,tflops_mean,tflops_std,tflops_min,tflops_max,tflops_ci95,matmul_input_pj_per_bit_n,matmul_input_pj_per_bit_mean,matmul_input_pj_per_bit_std,matmul_input_pj_per_bit_min,matmul_input_pj_per_bit_max,matmul_input_pj_per_bit_ci95,matmul_logical_mma_count_n,matmul_logical_mma_count_mean,matmul_logical_mma_count_std,matmul_logical_mma_count_min,matmul_logical_mma_count_max,matmul_logical_mma_count_ci95,matmul_flops_per_logical_mma_n,matmul_flops_per_logical_mma_mean,matmul_flops_per_logical_mma_std,matmul_flops_per_logical_mma_min,matmul_flops_per_logical_mma_max,matmul_flops_per_logical_mma_ci95,matmul_input_bits_per_logical_mma_n,matmul_input_bits_per_logical_mma_mean,matmul_input_bits_per_logical_mma_std,matmul_input_bits_per_logical_mma_min,matmul_input_bits_per_logical_mma_max,matmul_input_bits_per_logical_mma_ci95,matmul_accumulator_bits_per_logical_mma_n,matmul_accumulator_bits_per_logical_mma_mean,matmul_accumulator_bits_per_logical_mma_std,matmul_accumulator_bits_per_logical_mma_min,matmul_accumulator_bits_per_logical_mma_max,matmul_accumulator_bits_per_logical_mma_ci95,matmul_output_bits_per_logical_mma_n,matmul_output_bits_per_logical_mma_mean,matmul_output_bits_per_logical_mma_std,matmul_output_bits_per_logical_mma_min,matmul_output_bits_per_logical_mma_max,matmul_output_bits_per_logical_mma_ci95,matmul_arithmetic_read_bits_per_logical_mma_n,matmul_arithmetic_read_bits_per_logical_mma_mean,matmul_arithmetic_read_bits_per_logical_mma_std,matmul_arithmetic_read_bits_per_logical_mma_min,matmul_arithmetic_read_bits_per_logical_mma_max,matmul_arithmetic_read_bits_per_logical_mma_ci95,matmul_register_read_write_bits_per_logical_mma_n,matmul_register_read_write_bits_per_logical_mma_mean,matmul_register_read_write_bits_per_logical_mma_std,matmul_register_read_write_bits_per_logical_mma_min,matmul_register_read_write_bits_per_logical_mma_max,matmul_register_read_write_bits_per_logical_mma_ci95,pj_per_flop_n,pj_per_flop_mean,pj_per_flop_std,pj_per_flop_min,pj_per_flop_max,pj_per_flop_ci95,incremental_power_w_n,incremental_power_w_mean,incremental_power_w_std,incremental_power_w_min,incremental_power_w_max,incremental_power_w_ci95,test_energy_j_n,test_energy_j_mean,test_energy_j_std,test_energy_j_min,test_energy_j_max,test_energy_j_ci95,baseline_scaled_energy_j_n,baseline_scaled_energy_j_mean,baseline_scaled_energy_j_std,baseline_scaled_energy_j_min,baseline_scaled_energy_j_max,baseline_scaled_energy_j_ci95,incremental_energy_j_n,incremental_energy_j_mean,incremental_energy_j_std,incremental_energy_j_min,incremental_energy_j_max,incremental_energy_j_ci95,test_energy_counter_vs_trace_delta_j_n,test_energy_counter_vs_trace_delta_j_mean,test_energy_counter_vs_trace_delta_j_std,test_energy_counter_vs_trace_delta_j_min,test_energy_counter_vs_trace_delta_j_max,test_energy_counter_vs_trace_delta_j_ci95,baseline_energy_counter_vs_trace_delta_j_n,baseline_energy_counter_vs_trace_delta_j_mean,baseline_energy_counter_vs_trace_delta_j_std,baseline_energy_counter_vs_trace_delta_j_min,baseline_energy_counter_vs_trace_delta_j_max,baseline_energy_counter_vs_trace_delta_j_ci95,test_energy_counter_vs_trace_ratio_n,test_energy_counter_vs_trace_ratio_mean,test_energy_counter_vs_trace_ratio_std,test_energy_counter_vs_trace_ratio_min,test_energy_counter_vs_trace_ratio_max,test_energy_counter_vs_trace_ratio_ci95,baseline_energy_counter_vs_trace_ratio_n,baseline_energy_counter_vs_trace_ratio_mean,baseline_energy_counter_vs_trace_ratio_std,baseline_energy_counter_vs_trace_ratio_min,baseline_energy_counter_vs_trace_ratio_max,baseline_energy_counter_vs_trace_ratio_ci95,baseline_energy_fraction_n,baseline_energy_fraction_mean,baseline_energy_fraction_std,baseline_energy_fraction_min,baseline_energy_fraction_max,baseline_energy_fraction_ci95,incremental_energy_fraction_n,incremental_energy_fraction_mean,incremental_energy_fraction_std,incremental_energy_fraction_min,incremental_energy_fraction_max,incremental_energy_fraction_ci95,baseline_power_fraction_n,baseline_power_fraction_mean,baseline_power_fraction_std,baseline_power_fraction_min,baseline_power_fraction_max,baseline_power_fraction_ci95,tensor_peak_tflops_model_n,tensor_peak_tflops_model_mean,tensor_peak_tflops_model_std,tensor_peak_tflops_model_min,tensor_peak_tflops_model_max,tensor_peak_tflops_model_ci95,tensor_model_flop_per_sm_cycle_n,tensor_model_flop_per_sm_cycle_mean,tensor_model_flop_per_sm_cycle_std,tensor_model_flop_per_sm_cycle_min,tensor_model_flop_per_sm_cycle_max,tensor_model_flop_per_sm_cycle_ci95,tensor_model_clock_mhz_n,tensor_model_clock_mhz_mean,tensor_model_clock_mhz_std,tensor_model_clock_mhz_min,tensor_model_clock_mhz_max,tensor_model_clock_mhz_ci95,achieved_flops_per_sm_cycle_n,achieved_flops_per_sm_cycle_mean,achieved_flops_per_sm_cycle_std,achieved_flops_per_sm_cycle_min,achieved_flops_per_sm_cycle_max,achieved_flops_per_sm_cycle_ci95,tensor_model_utilization_pct_n,tensor_model_utilization_pct_mean,tensor_model_utilization_pct_std,tensor_model_utilization_pct_min,tensor_model_utilization_pct_max,tensor_model_utilization_pct_ci95,avg_sm_clock_mhz_n,avg_sm_clock_mhz_mean,avg_sm_clock_mhz_std,avg_sm_clock_mhz_min,avg_sm_clock_mhz_max,avg_sm_clock_mhz_ci95,clock_span_mhz_n,clock_span_mhz_mean,clock_span_mhz_std,clock_span_mhz_min,clock_span_mhz_max,clock_span_mhz_ci95,max_temp_c_n,max_temp_c_mean,max_temp_c_std,max_temp_c_min,max_temp_c_max,max_temp_c_ci95,selected_optimal,selection_status,selection_note,selection_util_metric_source,selection_util_score_pct,selection_util_sanity_pass,selection_util_sanity_note,selection_util_reference_scope,selection_util_reference_max_pct,selection_util_saturation_margin_pct,selection_pjbit_rank_valid_no_l2,selection_lower_pjbit_valid_no_l2_count,selection_lower_pjbit_valid_no_l2_points,selection_pjbit_rank_note
NVIDIA A100-SXM4-80GB,ampere,ga100,datacenter,80,108,ga100,f16acc,"A100 SXM dense FP16 Tensor Core peak, no sparsity",https://www.nvidia.com/en-us/data-center/a100/,312.0,624.0,312.0,312.0,tensor_core_mma_m16n16k16_f16acc,fp16-energy-bench-v2,fp16-energy-bench-v2,"nvml_timed_energy_counter,explicit_m16n16k16_denominator,strict_denominator_provenance,tensor_no_memory_warpsync_baseline,timed_kernel_memory_provenance","nvml_timed_energy_counter,explicit_m16n16k16_denominator,strict_denominator_provenance,tensor_no_memory_warpsync_baseline,timed_kernel_memory_provenance",ce960f9677a1,ce960f9677a1,1,True,True,tensor_mma_f16acc,tensor_baseline_mov,128,128.0,1,t128_b1,long5s_tensor_mma_f16acc_t128_b1,8,True,1,1,1,1,True,0,1,True,0,0,0,0,0,pure_fp16_candidate_no_l2:1,1,1,True,1,True,bench_json_metadata,logical_m16n16k16_input_bits_8192,valid_no_l2,stats use valid_basic rows with no intended L2/global traffic,False,1,8.907233398439999,0.0,8.907233398439999,8.907233398439999,0.0,1,28.16565625,0.0,28.16565625,28.16565625,0.0,1,99.89855072463769,0.0,99.89855072463769,99.89855072463769,0.0,1,100.0,0.0,100.0,100.0,0.0,1,99.88888888888889,0.0,99.88888888888889,99.88888888888889,0.0,1,100.0,0.0,100.0,100.0,0.0,1,203.4233579550459,0.0,203.4233579550459,203.4233579550459,0.0,1,0.18263823221903155,0.0,0.18263823221903155,0.18263823221903155,0.0,1,221184000000.0,0.0,221184000000.0,221184000000.0,0.0,1,8192.0,0.0,8192.0,8192.0,0.0,1,8192.0,0.0,8192.0,8192.0,0.0,1,4096.0,0.0,4096.0,4096.0,0.0,1,4096.0,0.0,4096.0,4096.0,0.0,1,12288.0,0.0,12288.0,12288.0,0.0,1,16384.0,0.0,16384.0,16384.0,0.0,1,0.18263823221903155,0.0,0.18263823221903155,0.18263823221903155,0.0,1,37.15280690273981,0.0,37.15280690273981,37.15280690273981,0.0,1,1253.391,0.0,1253.391,1253.391,0.0,1,922.4616042459401,0.0,922.4616042459401,922.4616042459401,0.0,1,330.92939575406,0.0,330.92939575406,330.92939575406,0.0,1,-9.27031678315484,0.0,-9.27031678315484,-9.27031678315484,0.0,1,-3.0478774163238995,0.0,-3.0478774163238995,-3.0478774163238995,0.0,1,0.9926581129397608,0.0,0.9926581129397608,0.9926581129397608,0.0,1,0.9989561927366597,0.0,0.9989561927366597,0.9989561927366597,0.0,1,0.7359727365570201,0.0,0.7359727365570201,0.7359727365570201,0.0,1,0.2640272634429799,0.0,0.2640272634429799,0.2640272634429799,0.0,1,0.735973131888046,0.0,0.735973131888046,0.735973131888046,0.0,1,311.86944,0.0,311.86944,311.86944,0.0,1,2048.0,0.0,2048.0,2048.0,0.0,1,1410.0,0.0,1410.0,1410.0,0.0,1,1335.8507877268578,0.0,1335.8507877268578,1335.8507877268578,0.0,1,65.22708924447548,0.0,65.22708924447548,65.22708924447548,0.0,1,1410.0,0.0,1410.0,1410.0,0.0,1,0.0,0.0,0.0,0.0,0.0,1,38.0,0.0,38.0,38.0,0.0,False,valid_no_l2_not_selected,valid no-L2 candidate but not first saturation point,tensor_model_utilization_pct_mean,65.22708924447548,True,,required_valid_no_l2_sane_util,98.81840973202539,33.59132048754991,10,9,t384_b8@3072=0.1084; t384_b2@768=0.1097; t256_b8@2048=0.1099; t384_b4@1536=0.1144; t128_b8@1024=0.1273; t256_b4@1024=0.1275; t128_b4@512=0.1382; t256_b2@512=0.1475,rank among thread points meeting required_valid_no_l2_count and utilization sanity; lower pJ/bit points can still be rejected by saturation or strict quality gates
NVIDIA A100-SXM4-80GB,ampere,ga100,datacenter,80,108,ga100,f16acc,"A100 SXM dense FP16 Tensor Core peak, no sparsity",https://www.nvidia.com/en-us/data-center/a100/,312.0,624.0,312.0,312.0,tensor_core_mma_m16n16k16_f16acc,fp16-energy-bench-v2,fp16-energy-bench-v2,"nvml_timed_energy_counter,explicit_m16n16k16_denominator,strict_denominator_provenance,tensor_no_memory_warpsync_baseline,timed_kernel_memory_provenance","nvml_timed_energy_counter,explicit_m16n16k16_denominator,strict_denominator_provenance,tensor_no_memory_warpsync_baseline,timed_kernel_memory_provenance",ce960f9677a1,ce960f9677a1,1,True,True,tensor_mma_f16acc,tensor_baseline_mov,256,256.0,1,t256_b1,long5s_tensor_mma_f16acc_t256_b1,8,True,1,1,1,1,True,0,1,True,0,0,0,0,0,pure_fp16_candidate_no_l2:1,1,1,True,1,True,bench_json_metadata,logical_m16n16k16_input_bits_8192,valid_no_l2,stats use valid_basic rows with no intended L2/global traffic,False,1,6.05296630859,0.0,6.05296630859,6.05296630859,0.0,1,14.7587695312,0.0,14.7587695312,14.7587695312,0.0,1,99.85106382978724,0.0,99.85106382978724,99.85106382978724,0.0,1,100.0,0.0,100.0,100.0,0.0,1,99.83333333333333,0.0,99.83333333333333,99.83333333333333,0.0,1,100.0,0.0,100.0,100.0,0.0,1,299.34733412089315,0.0,299.34733412089315,299.34733412089315,0.0,1,0.20217123330929784,0.0,0.20217123330929784,0.20217123330929784,0.0,1,221184000000.0,0.0,221184000000.0,221184000000.0,0.0,1,8192.0,0.0,8192.0,8192.0,0.0,1,8192.0,0.0,8192.0,8192.0,0.0,1,4096.0,0.0,4096.0,4096.0,0.0,1,4096.0,0.0,4096.0,4096.0,0.0,1,12288.0,0.0,12288.0,12288.0,0.0,1,16384.0,0.0,16384.0,16384.0,0.0,1,0.20217123330929784,0.0,0.20217123330929784,0.20217123330929784,0.0,1,60.51917279363896,0.0,60.51917279363896,60.51917279363896,0.0,1,1020.052,0.0,1020.052,1020.052,0.0,1,653.7299913766196,0.0,653.7299913766196,653.7299913766196,0.0,1,366.3220086233804,0.0,366.3220086233804,366.3220086233804,0.0,1,-4.692962919094384,0.0,-4.692962919094384,-4.692962919094384,0.0,1,1.6671642990559121,0.0,1.6671642990559121,1.6671642990559121,0.0,1,0.9954203601004039,0.0,0.9954203601004039,0.9954203601004039,0.0,1,1.0010470145889818,0.0,1.0010470145889818,1.0010470145889818,0.0,1,0.6408790839845612,0.0,0.6408790839845612,0.6408790839845612,0.0,1,0.3591209160154388,0.0,0.3591209160154388,0.3591209160154388,0.0,1,0.6408800230645207,0.0,0.6408800230645207,0.6408800230645207,0.0,1,311.86944,0.0,311.86944,311.86944,0.0,1,2048.0,0.0,2048.0,2048.0,0.0,1,1410.0,0.0,1410.0,1410.0,0.0,1,1965.7692022648616,0.0,1965.7692022648616,1965.7692022648616,0.0,1,95.98482432933896,0.0,95.98482432933896,95.98482432933896,0.0,1,1410.0,0.0,1410.0,1410.0,0.0,1,0.0,0.0,0.0,0.0,0.0,1,41.0,0.0,41.0,41.0,0.0,False,valid_no_l2_not_selected,valid no-L2 candidate but not first saturation point,tensor_model_utilization_pct_mean,95.98482432933896,True,,required_valid_no_l2_sane_util,98.81840973202539,2.833585402686424,12,11,t384_b8@3072=0.1084; t384_b2@768=0.1097; t256_b8@2048=0.1099; t384_b4@1536=0.1144; t128_b8@1024=0.1273; t256_b4@1024=0.1275; t128_b4@512=0.1382; t256_b2@512=0.1475,rank among thread points meeting required_valid_no_l2_count and utilization sanity; lower pJ/bit points can still be rejected by saturation or strict quality gates
NVIDIA A100-SXM4-80GB,ampere,ga100,datacenter,80,108,ga100,f16acc,"A100 SXM dense FP16 Tensor Core peak, no sparsity",https://www.nvidia.com/en-us/data-center/a100/,312.0,624.0,312.0,312.0,tensor_core_mma_m16n16k16_f16acc,fp16-energy-bench-v2,fp16-energy-bench-v2,"nvml_timed_energy_counter,explicit_m16n16k16_denominator,strict_denominator_provenance,tensor_no_memory_warpsync_baseline,timed_kernel_memory_provenance","nvml_timed_energy_counter,explicit_m16n16k16_denominator,strict_denominator_provenance,tensor_no_memory_warpsync_baseline,timed_kernel_memory_provenance",ce960f9677a1,ce960f9677a1,1,True,True,tensor_mma_f16acc,tensor_baseline_mov,128,256.0,2,t128_b2,long5s_tensor_mma_f16acc_t128_b2,8,True,1,1,1,1,True,0,1,True,0,0,0,0,0,pure_fp16_candidate_no_l2:1,1,1,True,1,True,bench_json_metadata,logical_m16n16k16_input_bits_8192,valid_no_l2,stats use valid_basic rows with no intended L2/global traffic,False,1,6.70166015625,0.0,6.70166015625,6.70166015625,0.0,1,14.7610917969,0.0,14.7610917969,14.7610917969,0.0,1,100.0,0.0,100.0,100.0,0.0,1,100.0,0.0,100.0,100.0,0.0,1,100.0,0.0,100.0,100.0,0.0,1,100.0,0.0,100.0,100.0,0.0,1,270.37171174819673,0.0,270.37171174819673,270.37171174819673,0.0,1,0.1771044519521767,0.0,0.1771044519521767,0.1771044519521767,0.0,1,221184000000.0,0.0,221184000000.0,221184000000.0,0.0,1,8192.0,0.0,8192.0,8192.0,0.0,1,8192.0,0.0,8192.0,8192.0,0.0,1,4096.0,0.0,4096.0,4096.0,0.0,1,4096.0,0.0,4096.0,4096.0,0.0,1,12288.0,0.0,12288.0,12288.0,0.0,1,16384.0,0.0,16384.0,16384.0,0.0,1,0.1771044519521767,0.0,0.1771044519521767,0.1771044519521767,0.0,1,47.883482319231675,0.0,47.883482319231675,47.883482319231675,0.0,1,1062.91,0.0,1062.91,1062.91,0.0,1,742.0074783439647,0.0,742.0074783439647,742.0074783439647,0.0,1,320.90252165603533,0.0,320.90252165603533,320.90252165603533,0.0,1,-0.502723541636442,0.0,-0.502723541636442,-0.502723541636442,0.0,1,1.3433497352436916,0.0,1.3433497352436916,1.3433497352436916,0.0,1,0.999527254535791,0.0,0.999527254535791,0.999527254535791,0.0,1,1.0008226270807994,0.0,1.0008226270807994,1.0008226270807994,0.0,1,0.6980905987750277,0.0,0.6980905987750277,0.6980905987750277,0.0,1,0.3019094012249723,0.0,0.3019094012249723,0.3019094012249723,0.0,1,0.6980930262524604,0.0,0.6980930262524604,0.6980930262524604,0.0,1,311.86944,0.0,311.86944,311.86944,0.0,1,2048.0,0.0,2048.0,2048.0,0.0,1,1410.0,0.0,1410.0,1410.0,0.0,1,1775.4906208838765,0.0,1775.4906208838765,1775.4906208838765,0.0,1,86.69387797284554,0.0,86.69387797284554,86.69387797284554,0.0,1,1410.0,0.0,1410.0,1410.0,0.0,1,0.0,0.0,0.0,0.0,0.0,1,40.0,0.0,40.0,40.0,0.0,False,valid_no_l2_not_selected,valid no-L2 candidate but not first saturation point,tensor_model_utilization_pct_mean,86.69387797284554,True,,required_valid_no_l2_sane_util,98.81840973202539,12.124531759179845,9,8,t384_b8@3072=0.1084; t384_b2@768=0.1097; t256_b8@2048=0.1099; t384_b4@1536=0.1144; t128_b8@1024=0.1273; t256_b4@1024=0.1275; t128_b4@512=0.1382; t256_b2@512=0.1475,rank among thread points meeting required_valid_no_l2_count and utilization sanity; lower pJ/bit points can still be rejected by saturation or strict quality gates
NVIDIA A100-SXM4-80GB,ampere,ga100,datacenter,80,108,ga100,f16acc,"A100 SXM dense FP16 Tensor Core peak, no sparsity",https://www.nvidia.com/en-us/data-center/a100/,312.0,624.0,312.0,312.0,tensor_core_mma_m16n16k16_f16acc,fp16-energy-bench-v2,fp16-energy-bench-v2,"nvml_timed_energy_counter,explicit_m16n16k16_denominator,strict_denominator_provenance,tensor_no_memory_warpsync_baseline,timed_kernel_memory_provenance","nvml_timed_energy_counter,explicit_m16n16k16_denominator,strict_denominator_provenance,tensor_no_memory_warpsync_baseline,timed_kernel_memory_provenance",ce960f9677a1,ce960f9677a1,1,True,True,tensor_mma_f16acc,tensor_baseline_mov,384,384.0,1,t384_b1,long5s_tensor_mma_f16acc_t384_b1,8,True,1,1,1,1,True,0,1,True,0,0,0,0,0,pure_fp16_candidate_no_l2:1,1,1,True,1,True,bench_json_metadata,logical_m16n16k16_input_bits_8192,valid_no_l2,stats use valid_basic rows with no intended L2/global traffic,False,1,5.91192382812,0.0,5.91192382812,5.91192382812,0.0,1,9.688875,0.0,9.688875,9.688875,0.0,1,100.0,0.0,100.0,100.0,0.0,1,100.0,0.0,100.0,100.0,0.0,1,100.0,0.0,100.0,100.0,0.0,1,100.0,0.0,100.0,100.0,0.0,1,306.4889454546046,0.0,306.4889454546046,306.4889454546046,0.0,1,0.18432635916006604,0.0,0.18432635916006604,0.18432635916006604,0.0,1,221183996544.0,0.0,221183996544.0,221183996544.0,0.0,1,8192.0,0.0,8192.0,8192.0,0.0,1,8192.0,0.0,8192.0,8192.0,0.0,1,4096.0,0.0,4096.0,4096.0,0.0,1,4096.0,0.0,4096.0,4096.0,0.0,1,12288.0,0.0,12288.0,12288.0,0.0,1,16384.0,0.0,16384.0,16384.0,0.0,1,0.18432635916006604,0.0,0.18432635916006604,0.18432635916006604,0.0,1,56.4936248753956,0.0,56.4936248753956,56.4936248753956,0.0,1,1029.146,0.0,1029.146,1029.146,0.0,1,695.1578258693886,0.0,695.1578258693886,695.1578258693886,0.0,1,333.98817413061136,0.0,333.98817413061136,333.98817413061136,0.0,1,-1.6053791449908204,0.0,-1.6053791449908204,-1.6053791449908204,0.0,1,-4.215710493582947,0.0,-4.215710493582947,-4.215710493582947,0.0,1,0.9984425156468648,0.0,0.9984425156468648,0.9984425156468648,0.0,1,0.9963132971217902,0.0,0.9963132971217902,0.9963132971217902,0.0,1,0.6754705609013577,0.0,0.6754705609013577,0.6754705609013577,0.0,1,0.32452943909864235,0.0,0.32452943909864235,0.32452943909864235,0.0,1,0.6754719832559415,0.0,0.6754719832559415,0.6754719832559415,0.0,1,311.86944,0.0,311.86944,311.86944,0.0,1,2048.0,0.0,2048.0,2048.0,0.0,1,1410.0,0.0,1410.0,1410.0,0.0,1,2012.6670964972723,0.0,2012.6670964972723,2012.6670964972723,0.0,1,98.27476057115587,0.0,98.27476057115587,98.27476057115587,0.0,1,1410.0,0.0,1410.0,1410.0,0.0,1,0.0,0.0,0.0,0.0,0.0,1,41.0,0.0,41.0,41.0,0.0,False,valid_no_l2_not_selected,valid no-L2 candidate but not first saturation point,tensor_model_utilization_pct_mean,98.27476057115587,True,,required_valid_no_l2_sane_util,98.81840973202539,0.5436491608695206,11,10,t384_b8@3072=0.1084; t384_b2@768=0.1097; t256_b8@2048=0.1099; t384_b4@1536=0.1144; t128_b8@1024=0.1273; t256_b4@1024=0.1275; t128_b4@512=0.1382; t256_b2@512=0.1475,rank among thread points meeting required_valid_no_l2_count and utilization sanity; lower pJ/bit points can still be rejected by saturation or strict quality gates
NVIDIA A100-SXM4-80GB,ampere,ga100,datacenter,80,108,ga100,f16acc,"A100 SXM dense FP16 Tensor Core peak, no sparsity",https://www.nvidia.com/en-us/data-center/a100/,312.0,624.0,312.0,312.0,tensor_core_mma_m16n16k16_f16acc,fp16-energy-bench-v2,fp16-energy-bench-v2,"nvml_timed_energy_counter,explicit_m16n16k16_denominator,strict_denominator_provenance,tensor_no_memory_warpsync_baseline,timed_kernel_memory_provenance","nvml_timed_energy_counter,explicit_m16n16k16_denominator,strict_denominator_provenance,tensor_no_memory_warpsync_baseline,timed_kernel_memory_provenance",ce960f9677a1,ce960f9677a1,1,True,True,tensor_mma_f16acc,tensor_baseline_mov,256,512.0,2,t256_b2,long5s_tensor_mma_f16acc_t256_b2,8,True,1,1,1,1,True,0,1,True,0,0,0,0,0,pure_fp16_candidate_no_l2:1,1,1,True,1,True,bench_json_metadata,logical_m16n16k16_input_bits_8192,valid_no_l2,stats use valid_basic rows with no intended L2/global traffic,False,1,5.961109375,0.0,5.961109375,5.961109375,0.0,1,7.37937207031,0.0,7.37937207031,7.37937207031,0.0,1,100.0,0.0,100.0,100.0,0.0,1,100.0,0.0,100.0,100.0,0.0,1,100.0,0.0,100.0,100.0,0.0,1,100.0,0.0,100.0,100.0,0.0,1,303.9600876305008,0.0,303.9600876305008,303.9600876305008,0.0,1,0.14747411016899217,0.0,0.14747411016899217,0.14747411016899217,0.0,1,221184000000.0,0.0,221184000000.0,221184000000.0,0.0,1,8192.0,0.0,8192.0,8192.0,0.0,1,8192.0,0.0,8192.0,8192.0,0.0,1,4096.0,0.0,4096.0,4096.0,0.0,1,4096.0,0.0,4096.0,4096.0,0.0,1,12288.0,0.0,12288.0,12288.0,0.0,1,16384.0,0.0,16384.0,16384.0,0.0,1,0.14747411016899217,0.0,0.14747411016899217,0.14747411016899217,0.0,1,44.82536695479416,0.0,44.82536695479416,44.82536695479416,0.0,1,1015.562,0.0,1015.562,1015.562,0.0,1,748.3478599229984,0.0,748.3478599229984,748.3478599229984,0.0,1,267.2141400770016,0.0,267.2141400770016,267.2141400770016,0.0,1,-6.089320882299148,0.0,-6.089320882299148,-6.089320882299148,0.0,1,7.486002585493452,0.0,7.486002585493452,7.486002585493452,0.0,1,0.9940397269030686,0.0,0.9940397269030686,0.9940397269030686,0.0,1,1.0081466201838882,0.0,1.0081466201838882,1.0081466201838882,0.0,1,0.7368805251899917,0.0,0.7368805251899917,0.7368805251899917,0.0,1,0.26311947481000825,0.0,0.26311947481000825,0.26311947481000825,0.0,1,0.7368843163280845,0.0,0.7368843163280845,0.7368843163280845,0.0,1,311.86944,0.0,311.86944,311.86944,0.0,1,2048.0,0.0,2048.0,2048.0,0.0,1,1410.0,0.0,1410.0,1410.0,0.0,1,1996.0604651333124,0.0,1996.0604651333124,1996.0604651333124,0.0,1,97.46388989908752,0.0,97.46388989908752,97.46388989908752,0.0,1,1410.0,0.0,1410.0,1410.0,0.0,1,0.0,0.0,0.0,0.0,0.0,1,41.0,0.0,41.0,41.0,0.0,False,valid_no_l2_not_selected,valid no-L2 candidate but not first saturation point,tensor_model_utilization_pct_mean,97.46388989908752,True,,required_valid_no_l2_sane_util,98.81840973202539,1.3545198329378678,8,7,t384_b8@3072=0.1084; t384_b2@768=0.1097; t256_b8@2048=0.1099; t384_b4@1536=0.1144; t128_b8@1024=0.1273; t256_b4@1024=0.1275; t128_b4@512=0.1382,rank among thread points meeting required_valid_no_l2_count and utilization sanity; lower pJ/bit points can still be rejected by saturation or strict quality gates
NVIDIA A100-SXM4-80GB,ampere,ga100,datacenter,80,108,ga100,f16acc,"A100 SXM dense FP16 Tensor Core peak, no sparsity",https://www.nvidia.com/en-us/data-center/a100/,312.0,624.0,312.0,312.0,tensor_core_mma_m16n16k16_f16acc,fp16-energy-bench-v2,fp16-energy-bench-v2,"nvml_timed_energy_counter,explicit_m16n16k16_denominator,strict_denominator_provenance,tensor_no_memory_warpsync_baseline,timed_kernel_memory_provenance","nvml_timed_energy_counter,explicit_m16n16k16_denominator,strict_denominator_provenance,tensor_no_memory_warpsync_baseline,timed_kernel_memory_provenance",ce960f9677a1,ce960f9677a1,1,True,True,tensor_mma_f16acc,tensor_baseline_mov,128,512.0,4,t128_b4,long5s_tensor_mma_f16acc_t128_b4,8,True,1,1,1,1,True,0,1,True,0,0,0,0,0,pure_fp16_candidate_no_l2:1,1,1,True,1,True,bench_json_metadata,logical_m16n16k16_input_bits_8192,valid_no_l2,stats use valid_basic rows with no intended L2/global traffic,False,1,6.38987695312,0.0,6.38987695312,6.38987695312,0.0,1,7.68240625,0.0,7.68240625,7.68240625,0.0,1,100.0,0.0,100.0,100.0,0.0,1,100.0,0.0,100.0,100.0,0.0,1,100.0,0.0,100.0,100.0,0.0,1,100.0,0.0,100.0,100.0,0.0,1,283.56404063700796,0.0,283.56404063700796,283.56404063700796,0.0,1,0.13822185174974688,0.0,0.13822185174974688,0.13822185174974688,0.0,1,221184000000.0,0.0,221184000000.0,221184000000.0,0.0,1,8192.0,0.0,8192.0,8192.0,0.0,1,8192.0,0.0,8192.0,8192.0,0.0,1,4096.0,0.0,4096.0,4096.0,0.0,1,4096.0,0.0,4096.0,4096.0,0.0,1,12288.0,0.0,12288.0,12288.0,0.0,1,16384.0,0.0,16384.0,16384.0,0.0,1,0.13822185174974688,0.0,0.13822185174974688,0.13822185174974688,0.0,1,39.19458222242561,0.0,39.19458222242561,39.19458222242561,0.0,1,1031.844,0.0,1031.844,1031.844,0.0,1,781.3943908256481,0.0,781.3943908256481,781.3943908256481,0.0,1,250.44960917435196,0.0,250.44960917435196,250.44960917435196,0.0,1,-12.620810625489185,0.0,-12.620810625489185,-12.620810625489185,0.0,1,-6.119129945514032,0.0,-6.119129945514032,-6.119129945514032,0.0,1,0.9879164807688149,0.0,0.9879164807688149,0.9879164807688149,0.0,1,0.9935286550011562,0.0,0.9935286550011562,0.9935286550011562,0.0,1,0.7572795798838274,0.0,0.7572795798838274,0.7572795798838274,0.0,1,0.24272042011617256,0.0,0.24272042011617256,0.24272042011617256,0.0,1,0.7572803516222798,0.0,0.7572803516222798,0.7572803516222798,0.0,1,311.86944,0.0,311.86944,311.86944,0.0,1,2048.0,0.0,2048.0,2048.0,0.0,1,1410.0,0.0,1410.0,1410.0,0.0,1,1862.1226729511948,0.0,1862.1226729511948,1862.1226729511948,0.0,1,90.92395864019507,0.0,90.92395864019507,90.92395864019507,0.0,1,1410.0,0.0,1410.0,1410.0,0.0,1,0.0,0.0,0.0,0.0,0.0,1,40.0,0.0,40.0,40.0,0.0,False,valid_no_l2_not_selected,valid no-L2 candidate but not first saturation point,tensor_model_utilization_pct_mean,90.92395864019507,True,,required_valid_no_l2_sane_util,98.81840973202539,7.8944510918303195,7,6,t384_b8@3072=0.1084; t384_b2@768=0.1097; t256_b8@2048=0.1099; t384_b4@1536=0.1144; t128_b8@1024=0.1273; t256_b4@1024=0.1275,rank among thread points meeting required_valid_no_l2_count and utilization sanity; lower pJ/bit points can still be rejected by saturation or strict quality gates
NVIDIA A100-SXM4-80GB,ampere,ga100,datacenter,80,108,ga100,f16acc,"A100 SXM dense FP16 Tensor Core peak, no sparsity",https://www.nvidia.com/en-us/data-center/a100/,312.0,624.0,312.0,312.0,tensor_core_mma_m16n16k16_f16acc,fp16-energy-bench-v2,fp16-energy-bench-v2,"nvml_timed_energy_counter,explicit_m16n16k16_denominator,strict_denominator_provenance,tensor_no_memory_warpsync_baseline,timed_kernel_memory_provenance","nvml_timed_energy_counter,explicit_m16n16k16_denominator,strict_denominator_provenance,tensor_no_memory_warpsync_baseline,timed_kernel_memory_provenance",ce960f9677a1,ce960f9677a1,1,True,True,tensor_mma_f16acc,tensor_baseline_mov,384,768.0,2,t384_b2,long5s_tensor_mma_f16acc_t384_b2,8,True,1,1,1,1,True,0,1,True,0,0,0,0,0,pure_fp16_candidate_no_l2:1,1,1,True,1,True,bench_json_metadata,logical_m16n16k16_input_bits_8192,valid_no_l2,stats use valid_basic rows with no intended L2/global traffic,False,1,5.89238964844,0.0,5.89238964844,5.89238964844,0.0,1,5.770047363280001,0.0,5.770047363280001,5.770047363280001,0.0,1,100.0,0.0,100.0,100.0,0.0,1,100.0,0.0,100.0,100.0,0.0,1,100.0,0.0,100.0,100.0,0.0,1,100.0,0.0,100.0,100.0,0.0,1,307.50501795189524,0.0,307.50501795189524,307.50501795189524,0.0,1,0.10970927875883468,0.0,0.10970927875883468,0.10970927875883468,0.0,1,221184006912.0,0.0,221184006912.0,221184006912.0,0.0,1,8192.0,0.0,8192.0,8192.0,0.0,1,8192.0,0.0,8192.0,8192.0,0.0,1,4096.0,0.0,4096.0,4096.0,0.0,1,4096.0,0.0,4096.0,4096.0,0.0,1,12288.0,0.0,12288.0,12288.0,0.0,1,16384.0,0.0,16384.0,16384.0,0.0,1,0.10970927875883468,0.0,0.10970927875883468,0.10970927875883468,0.0,1,33.735887269500694,0.0,33.735887269500694,33.735887269500694,0.0,1,1018.851,0.0,1018.851,1018.851,0.0,1,820.0644369582725,0.0,820.0644369582725,820.0644369582725,0.0,1,198.7865630417275,0.0,198.7865630417275,198.7865630417275,0.0,1,-12.384525706152886,0.0,-12.384525706152886,-12.384525706152886,0.0,1,8.004042603277071,0.0,8.004042603277071,8.004042603277071,0.0,1,0.9879905943914487,0.0,0.9879905943914487,0.9879905943914487,0.0,1,1.0100675354320088,0.0,1.0100675354320088,1.0100675354320088,0.0,1,0.8048914286370358,0.0,0.8048914286370358,0.8048914286370358,0.0,1,0.19510857136296428,0.0,0.19510857136296428,0.19510857136296428,0.0,1,0.8048926690276663,0.0,0.8048926690276663,0.8048926690276663,0.0,1,311.86944,0.0,311.86944,311.86944,0.0,1,2048.0,0.0,2048.0,2048.0,0.0,1,1410.0,0.0,1410.0,1410.0,0.0,1,2019.3394927232416,0.0,2019.3394927232416,2019.3394927232416,0.0,1,98.60056116812703,0.0,98.60056116812703,98.60056116812703,0.0,1,1410.0,0.0,1410.0,1410.0,0.0,1,0.0,0.0,0.0,0.0,0.0,1,41.0,0.0,41.0,41.0,0.0,False,valid_no_l2_not_selected,valid no-L2 candidate but not first saturation point,tensor_model_utilization_pct_mean,98.60056116812703,True,,required_valid_no_l2_sane_util,98.81840973202539,0.21784856389835738,2,1,t384_b8@3072=0.1084,rank among thread points meeting required_valid_no_l2_count and utilization sanity; lower pJ/bit points can still be rejected by saturation or strict quality gates
NVIDIA A100-SXM4-80GB,ampere,ga100,datacenter,80,108,ga100,f16acc,"A100 SXM dense FP16 Tensor Core peak, no sparsity",https://www.nvidia.com/en-us/data-center/a100/,312.0,624.0,312.0,312.0,tensor_core_mma_m16n16k16_f16acc,fp16-energy-bench-v2,fp16-energy-bench-v2,"nvml_timed_energy_counter,explicit_m16n16k16_denominator,strict_denominator_provenance,tensor_no_memory_warpsync_baseline,timed_kernel_memory_provenance","nvml_timed_energy_counter,explicit_m16n16k16_denominator,strict_denominator_provenance,tensor_no_memory_warpsync_baseline,timed_kernel_memory_provenance",ce960f9677a1,ce960f9677a1,1,True,True,tensor_mma_f16acc,tensor_baseline_mov,256,1024.0,4,t256_b4,long5s_tensor_mma_f16acc_t256_b4,8,True,1,1,1,1,True,0,1,True,0,0,0,0,0,pure_fp16_candidate_no_l2:1,1,1,True,1,True,bench_json_metadata,logical_m16n16k16_input_bits_8192,valid_no_l2,stats use valid_basic rows with no intended L2/global traffic,False,1,5.919009765619999,0.0,5.919009765619999,5.919009765619999,0.0,1,6.49960351562,0.0,6.49960351562,6.49960351562,0.0,1,100.0,0.0,100.0,100.0,0.0,1,100.0,0.0,100.0,100.0,0.0,1,100.0,0.0,100.0,100.0,0.0,1,100.0,0.0,100.0,100.0,0.0,1,306.1220372577311,0.0,306.1220372577311,306.1220372577311,0.0,1,0.12750438103718179,0.0,0.12750438103718179,0.12750438103718179,0.0,1,221184000000.0,0.0,221184000000.0,221184000000.0,0.0,1,8192.0,0.0,8192.0,8192.0,0.0,1,8192.0,0.0,8192.0,8192.0,0.0,1,4096.0,0.0,4096.0,4096.0,0.0,1,4096.0,0.0,4096.0,4096.0,0.0,1,12288.0,0.0,12288.0,12288.0,0.0,1,16384.0,0.0,16384.0,16384.0,0.0,1,0.12750438103718179,0.0,0.12750438103718179,0.12750438103718179,0.0,1,39.03165568795126,0.0,39.03165568795126,39.03165568795126,0.0,1,1021.881,0.0,1021.881,1021.881,0.0,1,790.8507975064329,0.0,790.8507975064329,790.8507975064329,0.0,1,231.03020249356712,0.0,231.03020249356712,231.03020249356712,0.0,1,0.4593273694240452,0.0,0.4593273694240452,0.4593273694240452,0.0,1,-1.2475651592451413,0.0,-1.2475651592451413,-1.2475651592451413,0.0,1,1.0004496941681695,0.0,1.0004496941681695,1.0004496941681695,0.0,1,0.9985654804576046,0.0,0.9985654804576046,0.9985654804576046,0.0,1,0.7739167256328603,0.0,0.7739167256328603,0.7739167256328603,0.0,1,0.22608327436713974,0.0,0.22608327436713974,0.22608327436713974,0.0,1,0.773917824775849,0.0,0.773917824775849,0.773917824775849,0.0,1,311.86944,0.0,311.86944,311.86944,0.0,1,2048.0,0.0,2048.0,2048.0,0.0,1,1410.0,0.0,1410.0,1410.0,0.0,1,2010.2576652070602,0.0,2010.2576652070602,2010.2576652070602,0.0,1,98.15711255893848,0.0,98.15711255893848,98.15711255893848,0.0,1,1410.0,0.0,1410.0,1410.0,0.0,1,0.0,0.0,0.0,0.0,0.0,1,41.0,0.0,41.0,41.0,0.0,False,valid_no_l2_not_selected,valid no-L2 candidate but not first saturation point,tensor_model_utilization_pct_mean,98.15711255893848,True,,required_valid_no_l2_sane_util,98.81840973202539,0.6612971730869077,6,5,t384_b8@3072=0.1084; t384_b2@768=0.1097; t256_b8@2048=0.1099; t384_b4@1536=0.1144; t128_b8@1024=0.1273,rank among thread points meeting required_valid_no_l2_count and utilization sanity; lower pJ/bit points can still be rejected by saturation or strict quality gates
NVIDIA A100-SXM4-80GB,ampere,ga100,datacenter,80,108,ga100,f16acc,"A100 SXM dense FP16 Tensor Core peak, no sparsity",https://www.nvidia.com/en-us/data-center/a100/,312.0,624.0,312.0,312.0,tensor_core_mma_m16n16k16_f16acc,fp16-energy-bench-v2,fp16-energy-bench-v2,"nvml_timed_energy_counter,explicit_m16n16k16_denominator,strict_denominator_provenance,tensor_no_memory_warpsync_baseline,timed_kernel_memory_provenance","nvml_timed_energy_counter,explicit_m16n16k16_denominator,strict_denominator_provenance,tensor_no_memory_warpsync_baseline,timed_kernel_memory_provenance",ce960f9677a1,ce960f9677a1,1,True,True,tensor_mma_f16acc,tensor_baseline_mov,128,1024.0,8,t128_b8,long5s_tensor_mma_f16acc_t128_b8,8,True,1,1,1,1,True,0,1,True,0,0,0,0,0,pure_fp16_candidate_no_l2:1,1,1,True,1,True,bench_json_metadata,logical_m16n16k16_input_bits_8192,valid_no_l2,stats use valid_basic rows with no intended L2/global traffic,False,1,6.14352490234,0.0,6.14352490234,6.14352490234,0.0,1,6.984665039059999,0.0,6.984665039059999,6.984665039059999,0.0,1,100.0,0.0,100.0,100.0,0.0,1,100.0,0.0,100.0,100.0,0.0,1,100.0,0.0,100.0,100.0,0.0,1,100.0,0.0,100.0,100.0,0.0,1,294.93480645123657,0.0,294.93480645123657,294.93480645123657,0.0,1,0.12725998526907592,0.0,0.12725998526907592,0.12725998526907592,0.0,1,221184000000.0,0.0,221184000000.0,221184000000.0,0.0,1,8192.0,0.0,8192.0,8192.0,0.0,1,8192.0,0.0,8192.0,8192.0,0.0,1,4096.0,0.0,4096.0,4096.0,0.0,1,4096.0,0.0,4096.0,4096.0,0.0,1,12288.0,0.0,12288.0,12288.0,0.0,1,16384.0,0.0,16384.0,16384.0,0.0,1,0.12725998526907592,0.0,0.12725998526907592,0.12725998526907592,0.0,1,37.53317923578007,0.0,37.53317923578007,37.53317923578007,0.0,1,1023.756,0.0,1023.756,1023.756,0.0,1,793.1686278102607,0.0,793.1686278102607,793.1686278102607,0.0,1,230.5873721897393,0.0,230.5873721897393,230.5873721897393,0.0,1,-3.060950569957299,0.0,-3.060950569957299,-3.060950569957299,0.0,1,-7.17065516413561,0.0,-7.17065516413561,-7.17065516413561,0.0,1,0.997018991001017,0.0,0.997018991001017,0.997018991001017,0.0,1,0.9921109407092392,0.0,0.9921109407092392,0.9921109407092392,0.0,1,0.7747633496753725,0.0,0.7747633496753725,0.7747633496753725,0.0,1,0.22523665032462747,0.0,0.22523665032462747,0.22523665032462747,0.0,1,0.7747643720107835,0.0,0.7747643720107835,0.7747643720107835,0.0,1,311.86944,0.0,311.86944,311.86944,0.0,1,2048.0,0.0,2048.0,2048.0,0.0,1,1410.0,0.0,1410.0,1410.0,0.0,1,1936.792792561312,0.0,1936.792792561312,1936.792792561312,0.0,1,94.5699605742828,0.0,94.5699605742828,94.5699605742828,0.0,1,1410.0,0.0,1410.0,1410.0,0.0,1,0.0,0.0,0.0,0.0,0.0,1,41.0,0.0,41.0,41.0,0.0,False,valid_no_l2_not_selected,valid no-L2 candidate but not first saturation point,tensor_model_utilization_pct_mean,94.5699605742828,True,,required_valid_no_l2_sane_util,98.81840973202539,4.248449157742584,5,4,t384_b8@3072=0.1084; t384_b2@768=0.1097; t256_b8@2048=0.1099; t384_b4@1536=0.1144,rank among thread points meeting required_valid_no_l2_count and utilization sanity; lower pJ/bit points can still be rejected by saturation or strict quality gates
NVIDIA A100-SXM4-80GB,ampere,ga100,datacenter,80,108,ga100,f16acc,"A100 SXM dense FP16 Tensor Core peak, no sparsity",https://www.nvidia.com/en-us/data-center/a100/,312.0,624.0,312.0,312.0,tensor_core_mma_m16n16k16_f16acc,fp16-energy-bench-v2,fp16-energy-bench-v2,"nvml_timed_energy_counter,explicit_m16n16k16_denominator,strict_denominator_provenance,tensor_no_memory_warpsync_baseline,timed_kernel_memory_provenance","nvml_timed_energy_counter,explicit_m16n16k16_denominator,strict_denominator_provenance,tensor_no_memory_warpsync_baseline,timed_kernel_memory_provenance",ce960f9677a1,ce960f9677a1,5,True,True,tensor_mma_f16acc,tensor_baseline_mov,384,1536.0,4,t384_b4,long5s_tensor_mma_f16acc_t384_b4,8,True,5,3,5,5,True,0,5,True,0,0,0,0,0,pure_fp16_candidate_no_l2:5,5,5,True,5,True,bench_json_metadata,logical_m16n16k16_input_bits_8192,valid_no_l2,stats use valid_basic rows with no intended L2/global traffic,False,5,5.883921191406,0.0011509583818977,5.882426269530001,5.88518505859,0.0010088595030289967,5,5.627619628904,0.0009668378707506412,5.6270478515599995,5.62932226562,0.0008474707592700789,5,99.94347826086957,0.07777627747825688,99.84782608695652,100.0,0.06817391304348117,5,100.0,0.0,100.0,100.0,0.0,5,99.96666666666667,0.07453559924999512,99.83333333333333,100.0,0.06533333333333519,5,100.0,0.0,100.0,100.0,0.0,5,307.94757633181257,0.060240098708596056,307.88143392518987,308.0258267136026,0.05280277462801748,5,0.11444309113637999,0.005313912382755817,0.10858909809877729,0.11887320871585655,0.0046578495712133955,5,221183986176.0,0.0,221183986176.0,221183986176.0,0.0,5,8192.0,0.0,8192.0,8192.0,0.0,5,8192.0,0.0,8192.0,8192.0,0.0,5,4096.0,0.0,4096.0,4096.0,0.0,5,4096.0,0.0,4096.0,4096.0,0.0,5,12288.0,0.0,12288.0,12288.0,0.0,5,16384.0,0.0,16384.0,16384.0,0.0,5,0.11444309113637999,0.005313912382755817,0.10858909809877729,0.11887320871585655,0.0046578495712133955,5,35.24187472394097,1.6396967402407312,33.431763515078785,36.599715624123405,1.437257562475931,5,1029.851,9.342257757094893,1019.325,1038.04,8.188849976010049,5,822.4870753123511,2.268561123618012,818.5889715441273,824.3052197338847,1.9884814983410857,5,207.363924687649,9.62848623008104,196.75684513992098,215.39102845587274,8.439740294505699,5,1.8866638965356288,9.419146476320142,-9.588295019265843,10.367254572389584,8.256245909943145,5,0.19476337951446113,2.1885518190013897,-2.588446890637897,2.1868532990961285,1.9183502507106258,5,1.001836400416709,0.009161559382364374,0.990681143818745,1.0100880894414261,0.00803046086707615,5,1.0002550933573382,0.0027827990192255195,0.9967196583548344,1.0028014738359297,0.002439230887685538,5,0.7986995403844761,0.007612677537769225,0.7916874325848926,0.8069733940206304,0.006672806070373182,5,0.20130045961552395,0.00761267753776921,0.19302660597936966,0.2083125674151074,0.006672806070373169,5,0.7987028572019741,0.007611978915684458,0.7916941407030753,0.8069771386721676,0.0066721937011161095,5,311.86944,0.0,311.86944,311.86944,0.0,5,2048.0,0.0,2048.0,2048.0,0.0,5,1410.0,0.0,1410.0,1410.0,0.0,5,2022.2457074587114,0.39558772464277137,2021.8113601601647,2022.7595660205059,0.3467479289993565,5,98.74246618450739,0.019315806867320092,98.72125782032055,98.767556934595,0.01693105122066931,5,1410.0,0.0,1410.0,1410.0,0.0,5,0.0,0.0,0.0,0.0,0.0,5,41.6,0.5477225575051661,41.0,42.0,0.4800999895855029,True,selected_valid_no_l2_saturation_point,first Tensor Core model utilization saturation point among required valid no-L2 candidates within utilization sanity limit,tensor_model_utilization_pct_mean,98.74246618450739,True,,required_valid_no_l2_sane_util,98.81840973202539,0.07594354751799415,4,3,t384_b8@3072=0.1084; t384_b2@768=0.1097; t256_b8@2048=0.1099,rank among thread points meeting required_valid_no_l2_count and utilization sanity; lower pJ/bit points can still be rejected by saturation or strict quality gates
NVIDIA A100-SXM4-80GB,ampere,ga100,datacenter,80,108,ga100,f16acc,"A100 SXM dense FP16 Tensor Core peak, no sparsity",https://www.nvidia.com/en-us/data-center/a100/,312.0,624.0,312.0,312.0,tensor_core_mma_m16n16k16_f16acc,fp16-energy-bench-v2,fp16-energy-bench-v2,"nvml_timed_energy_counter,explicit_m16n16k16_denominator,strict_denominator_provenance,tensor_no_memory_warpsync_baseline,timed_kernel_memory_provenance","nvml_timed_energy_counter,explicit_m16n16k16_denominator,strict_denominator_provenance,tensor_no_memory_warpsync_baseline,timed_kernel_memory_provenance",ce960f9677a1,ce960f9677a1,5,True,True,tensor_mma_f16acc,tensor_baseline_mov,256,2048.0,8,t256_b8,long5s_tensor_mma_f16acc_t256_b8,8,True,5,3,5,5,True,0,5,True,0,0,0,0,0,pure_fp16_candidate_no_l2:5,5,5,True,5,True,bench_json_metadata,logical_m16n16k16_input_bits_8192,valid_no_l2,stats use valid_basic rows with no intended L2/global traffic,False,5,5.897025292968,0.000704713205807126,5.89592675781,5.89765332031,0.000617708360068001,5,5.706215234374,0.0009930576736128655,5.70525,5.707844726559999,0.0008704534298002572,5,100.0,0.0,100.0,100.0,0.0,5,100.0,0.0,100.0,100.0,0.0,5,100.0,0.0,100.0,100.0,0.0,5,100.0,0.0,100.0,100.0,0.0,5,307.2632825338618,0.03672159783866292,307.23055927349054,307.3205286344215,0.03218789969178658,5,0.10990017326434334,0.008281950620395037,0.09902931444754032,0.11996716920069075,0.007259449792811944,5,221184000000.0,0.0,221184000000.0,221184000000.0,0.0,5,8192.0,0.0,8192.0,8192.0,0.0,5,8192.0,0.0,8192.0,8192.0,0.0,5,4096.0,0.0,4096.0,4096.0,0.0,5,4096.0,0.0,4096.0,4096.0,0.0,5,12288.0,0.0,12288.0,12288.0,0.0,5,16384.0,0.0,16384.0,16384.0,0.0,5,0.10990017326434334,0.008281950620395037,0.09902931444754032,0.11996716920069075,0.007259449792811944,5,33.76817172740331,2.5471704080585034,30.424763881493305,36.861840798675274,2.232693303616319,5,1018.6843999999999,10.79089295656295,1003.781,1027.311,9.458634714008987,5,819.5519539083222,6.530167916399582,808.0697680564381,824.345890527623,5.723944551298589,5,199.13244609167785,15.00639204164777,179.4351094723769,217.3732319435619,13.153682579237417,5,-1.080852783480782,8.774985275584152,-10.938291295433487,7.285597542557753,7.691613722484228,5,-3.814863318945618,7.581887072947737,-12.13467628903993,4.870116702685436,6.645817037992514,5,0.9989301892762159,0.008613872652454148,0.9892921972773066,1.0071556691774504,0.007550392281762247,5,0.9952592602742572,0.009478719664406172,0.9850138797964115,1.0061583445724174,0.008308464111636268,5,0.8046182562311379,0.012893586733918074,0.7880201708495139,0.8212407791416884,0.01130172707304548,5,0.19538174376886208,0.0128935867339181,0.17875922085831164,0.2119798291504861,0.011301727073045501,5,0.8046195217327938,0.012893368240867079,0.7880209321212712,0.8212411061938057,0.011301535555442142,5,311.86944,0.0,311.86944,311.86944,0.0,5,2048.0,0.0,2048.0,2048.0,0.0,5,1410.0,0.0,1410.0,1410.0,0.0,5,2017.7520523631588,0.24114524454065644,2017.537163603169,2018.1279789494452,0.2113731264235374,5,98.52304943179487,0.011774670143585988,98.51255681656099,98.54140522214088,0.010320953438648627,5,1410.0,0.0,1410.0,1410.0,0.0,5,0.0,0.0,0.0,0.0,0.0,5,40.8,0.4472135954999579,40.0,41.0,0.39199999999999996,False,valid_no_l2_not_selected,valid no-L2 candidate but not first saturation point,tensor_model_utilization_pct_mean,98.52304943179487,True,,required_valid_no_l2_sane_util,98.81840973202539,0.29536030023051296,3,2,t384_b8@3072=0.1084; t384_b2@768=0.1097,rank among thread points meeting required_valid_no_l2_count and utilization sanity; lower pJ/bit points can still be rejected by saturation or strict quality gates
NVIDIA A100-SXM4-80GB,ampere,ga100,datacenter,80,108,ga100,f16acc,"A100 SXM dense FP16 Tensor Core peak, no sparsity",https://www.nvidia.com/en-us/data-center/a100/,312.0,624.0,312.0,312.0,tensor_core_mma_m16n16k16_f16acc,fp16-energy-bench-v2,fp16-energy-bench-v2,"nvml_timed_energy_counter,explicit_m16n16k16_denominator,strict_denominator_provenance,tensor_no_memory_warpsync_baseline,timed_kernel_memory_provenance","nvml_timed_energy_counter,explicit_m16n16k16_denominator,strict_denominator_provenance,tensor_no_memory_warpsync_baseline,timed_kernel_memory_provenance",ce960f9677a1,ce960f9677a1,5,True,True,tensor_mma_f16acc,tensor_baseline_mov,384,3072.0,8,t384_b8,long5s_tensor_mma_f16acc_t384_b8,8,True,5,3,5,5,True,0,5,True,0,0,0,0,0,pure_fp16_candidate_no_l2:5,5,5,True,5,True,bench_json_metadata,logical_m16n16k16_input_bits_8192,valid_no_l2,stats use valid_basic rows with no intended L2/global traffic,False,5,5.879400390626,0.0011027808010494148,5.877661621090001,5.88060791016,0.0009666299914878397,5,5.3548381835939995,0.0014697299932034998,5.352741699219999,5.35607177734,0.001288275139962345,5,100.0,0.0,100.0,100.0,0.0,5,100.0,0.0,100.0,100.0,0.0,5,100.0,0.0,100.0,100.0,0.0,5,100.0,0.0,100.0,100.0,0.0,5,308.1844210481731,0.05781187559870002,308.1211300215927,308.2755815664658,0.0506743432282182,5,0.10836979996920984,0.006127526610056167,0.10151500984574019,0.11524499355875018,0.005371013885337579,5,221184027648.0,0.0,221184027648.0,221184027648.0,0.0,5,8192.0,0.0,8192.0,8192.0,0.0,5,8192.0,0.0,8192.0,8192.0,0.0,5,4096.0,0.0,4096.0,4096.0,0.0,5,4096.0,0.0,4096.0,4096.0,0.0,5,12288.0,0.0,12288.0,12288.0,0.0,5,16384.0,0.0,16384.0,16384.0,0.0,5,0.10836979996920984,0.006127526610056167,0.10151500984574019,0.11524499355875018,0.005371013885337579,5,33.39781459980064,1.8926761828347356,31.27881114230871,35.51555909965765,1.6590038208516094,5,1030.0432,9.372457025775073,1019.714,1039.438,8.215320802124795,5,833.6836729233577,8.138172800043533,828.0346039799736,847.9899382858164,7.13342297666656,5,196.35952707664234,11.10270783596559,183.9390617141837,208.81696228632313,9.73195250657115,5,2.4054931812988114,8.83108872460354,-9.163435085119659,9.450710940426916,7.740790563789809,5,-4.860424277680022,4.7648849953276065,-11.504688683659879,1.7927306556260874,4.176605847772348,5,1.002341630793064,0.008593498240739872,0.9910937544428102,1.0092429453432397,0.007532533322481129,5,0.9937102525319459,0.006118220420136377,0.985322632258711,1.0023834645526286,0.005362856650214886,5,0.8094095251206166,0.009609482609398132,0.798885133746584,0.821752211911688,0.008423082886540782,5,0.19059047487938346,0.009609482609398139,0.178247788088312,0.20111486625341604,0.008423082886540789,5,0.8094107517060289,0.009609033940368553,0.7988867936798977,0.8217527195623172,0.008422689610796563,5,311.86944,0.0,311.86944,311.86944,0.0,5,2048.0,0.0,2048.0,2048.0,0.0,5,1410.0,0.0,1410.0,1410.0,0.0,5,2023.80103131188,0.37964194640605803,2023.3854085998994,2024.399668810519,0.33277083811551683,5,98.81840973202539,0.018537204414347676,98.79811565429198,98.8476400786386,0.01624857607984991,5,1410.0,0.0,1410.0,1410.0,0.0,5,0.0,0.0,0.0,0.0,0.0,5,41.2,0.8366600265340756,40.0,42.0,0.7333648478076925,False,valid_no_l2_not_selected,valid no-L2 candidate but not first saturation point,tensor_model_utilization_pct_mean,98.81840973202539,True,,required_valid_no_l2_sane_util,98.81840973202539,0.0,1,0,,rank among thread points meeting required_valid_no_l2_count and utilization sanity; lower pJ/bit points can still be rejected by saturation or strict quality gates
