sample_unix_ns,timestamp_text,power_w,power_draw_w,power_draw_average_w,power_draw_instant_w,power_limit_w,sm_clock_mhz,mem_clock_mhz,temp_c,pstate,util_gpu_pct,query_mode,raw
1780956333465766297,2026/06/08 22:05:33.525,85.93,85.93,,85.93,400.0,1410.0,1593.0,48.0,P0,0.0,average_instant,"2026/06/08 22:05:33.525, 85.93, [N/A], 85.93, 400.00, 1410, 1593, 48, P0, 0"
1780956333641174315,2026/06/08 22:05:33.803,87.77,87.77,,87.77,400.0,1410.0,1593.0,48.0,P0,0.0,average_instant,"2026/06/08 22:05:33.803, 87.77, [N/A], 87.77, 400.00, 1410, 1593, 48, P0, 0"
1780956333924221609,2026/06/08 22:05:33.979,87.17,87.17,,87.17,400.0,1410.0,1593.0,48.0,P0,0.0,average_instant,"2026/06/08 22:05:33.979, 87.17, [N/A], 87.17, 400.00, 1410, 1593, 48, P0, 0"
1780956334092724456,2026/06/08 22:05:34.150,148.12,148.12,,148.12,400.0,1410.0,1593.0,50.0,P0,29.0,average_instant,"2026/06/08 22:05:34.150, 148.12, [N/A], 148.12, 400.00, 1410, 1593, 50, P0, 29"
1780956334262986904,2026/06/08 22:05:34.300,151.43,151.43,,151.43,400.0,1410.0,1593.0,51.0,P0,29.0,average_instant,"2026/06/08 22:05:34.300, 151.43, [N/A], 151.43, 400.00, 1410, 1593, 51, P0, 29"
1780956334412650036,2026/06/08 22:05:34.452,149.6,149.6,,149.6,400.0,1410.0,1593.0,51.0,P0,100.0,average_instant,"2026/06/08 22:05:34.452, 149.60, [N/A], 149.60, 400.00, 1410, 1593, 51, P0, 100"
1780956334565121823,2026/06/08 22:05:34.583,125.15,125.15,,125.15,400.0,1410.0,1593.0,51.0,P0,100.0,average_instant,"2026/06/08 22:05:34.583, 125.15, [N/A], 125.15, 400.00, 1410, 1593, 51, P0, 100"
1780956334694860348,2026/06/08 22:05:34.713,151.43,151.43,,151.43,400.0,1410.0,1593.0,51.0,P0,100.0,average_instant,"2026/06/08 22:05:34.713, 151.43, [N/A], 151.43, 400.00, 1410, 1593, 51, P0, 100"
1780956334825560296,2026/06/08 22:05:34.844,152.03,152.03,,152.03,400.0,1410.0,1593.0,52.0,P0,100.0,average_instant,"2026/06/08 22:05:34.844, 152.03, [N/A], 152.03, 400.00, 1410, 1593, 52, P0, 100"
1780956334956094913,2026/06/08 22:05:34.997,149.92,149.92,,149.92,400.0,1410.0,1593.0,52.0,P0,100.0,average_instant,"2026/06/08 22:05:34.997, 149.92, [N/A], 149.92, 400.00, 1410, 1593, 52, P0, 100"
1780956335110835434,2026/06/08 22:05:35.148,132.09,132.09,,132.09,400.0,1410.0,1593.0,51.0,P0,100.0,average_instant,"2026/06/08 22:05:35.148, 132.09, [N/A], 132.09, 400.00, 1410, 1593, 51, P0, 100"
1780956335260046954,2026/06/08 22:05:35.277,151.7,151.7,,151.7,400.0,1410.0,1593.0,52.0,P0,100.0,average_instant,"2026/06/08 22:05:35.277, 151.70, [N/A], 151.70, 400.00, 1410, 1593, 52, P0, 100"
1780956335389922120,2026/06/08 22:05:35.428,152.3,152.3,,152.3,400.0,1410.0,1593.0,52.0,P0,100.0,average_instant,"2026/06/08 22:05:35.428, 152.30, [N/A], 152.30, 400.00, 1410, 1593, 52, P0, 100"
1780956335541033234,2026/06/08 22:05:35.618,150.19,150.19,,150.19,400.0,1410.0,1593.0,52.0,P0,100.0,average_instant,"2026/06/08 22:05:35.618, 150.19, [N/A], 150.19, 400.00, 1410, 1593, 52, P0, 100"
1780956335731932371,2026/06/08 22:05:35.786,151.55,151.55,,151.55,400.0,1410.0,1593.0,51.0,P0,100.0,average_instant,"2026/06/08 22:05:35.786, 151.55, [N/A], 151.55, 400.00, 1410, 1593, 51, P0, 100"
1780956335899605305,2026/06/08 22:05:35.936,151.87,151.87,,151.87,400.0,1410.0,1593.0,52.0,P0,100.0,average_instant,"2026/06/08 22:05:35.936, 151.87, [N/A], 151.87, 400.00, 1410, 1593, 52, P0, 100"
1780956336048225395,2026/06/08 22:05:36.066,152.95,152.95,,152.95,400.0,1410.0,1593.0,52.0,P0,100.0,average_instant,"2026/06/08 22:05:36.066, 152.95, [N/A], 152.95, 400.00, 1410, 1593, 52, P0, 100"
1780956336178471602,2026/06/08 22:05:36.235,134.86,134.86,,134.86,400.0,1410.0,1593.0,51.0,P0,100.0,average_instant,"2026/06/08 22:05:36.235, 134.86, [N/A], 134.86, 400.00, 1410, 1593, 51, P0, 100"
1780956336345255514,2026/06/08 22:05:36.406,151.7,151.7,,151.7,400.0,1410.0,1593.0,52.0,P0,100.0,average_instant,"2026/06/08 22:05:36.406, 151.70, [N/A], 151.70, 400.00, 1410, 1593, 52, P0, 100"
1780956336518895139,2026/06/08 22:05:36.574,149.92,149.92,,149.92,400.0,1410.0,1593.0,52.0,P0,100.0,average_instant,"2026/06/08 22:05:36.574, 149.92, [N/A], 149.92, 400.00, 1410, 1593, 52, P0, 100"
1780956336688272767,2026/06/08 22:05:36.747,150.19,150.19,,150.19,400.0,1410.0,1593.0,51.0,P0,100.0,average_instant,"2026/06/08 22:05:36.747, 150.19, [N/A], 150.19, 400.00, 1410, 1593, 51, P0, 100"
1780956336861267611,2026/06/08 22:05:36.897,151.43,151.43,,151.43,400.0,1410.0,1593.0,52.0,P0,100.0,average_instant,"2026/06/08 22:05:36.897, 151.43, [N/A], 151.43, 400.00, 1410, 1593, 52, P0, 100"
1780956337009409020,2026/06/08 22:05:37.067,152.3,152.3,,152.3,400.0,1410.0,1593.0,52.0,P0,100.0,average_instant,"2026/06/08 22:05:37.067, 152.30, [N/A], 152.30, 400.00, 1410, 1593, 52, P0, 100"
1780956337180611391,2026/06/08 22:05:37.218,150.19,150.19,,150.19,400.0,1410.0,1593.0,52.0,P0,100.0,average_instant,"2026/06/08 22:05:37.218, 150.19, [N/A], 150.19, 400.00, 1410, 1593, 52, P0, 100"
1780956337329660261,2026/06/08 22:05:37.368,138.16,138.16,,138.16,400.0,1410.0,1593.0,51.0,P0,100.0,average_instant,"2026/06/08 22:05:37.368, 138.16, [N/A], 138.16, 400.00, 1410, 1593, 51, P0, 100"
1780956337480570845,2026/06/08 22:05:37.534,151.7,151.7,,151.7,400.0,1410.0,1593.0,52.0,P0,100.0,average_instant,"2026/06/08 22:05:37.534, 151.70, [N/A], 151.70, 400.00, 1410, 1593, 52, P0, 100"
1780956337647253428,2026/06/08 22:05:37.706,150.19,150.19,,150.19,400.0,1410.0,1593.0,52.0,P0,100.0,average_instant,"2026/06/08 22:05:37.706, 150.19, [N/A], 150.19, 400.00, 1410, 1593, 52, P0, 100"
1780956337819177010,2026/06/08 22:05:37.874,150.19,150.19,,150.19,400.0,1410.0,1593.0,51.0,P0,100.0,average_instant,"2026/06/08 22:05:37.874, 150.19, [N/A], 150.19, 400.00, 1410, 1593, 51, P0, 100"
1780956337988612198,2026/06/08 22:05:38.063,151.43,151.43,,151.43,400.0,1410.0,1593.0,52.0,P0,100.0,average_instant,"2026/06/08 22:05:38.063, 151.43, [N/A], 151.43, 400.00, 1410, 1593, 52, P0, 100"
1780956338177096760,2026/06/08 22:05:38.234,152.47,152.47,,152.47,400.0,1410.0,1593.0,52.0,P0,100.0,average_instant,"2026/06/08 22:05:38.234, 152.47, [N/A], 152.47, 400.00, 1410, 1593, 52, P0, 100"
1780956338351952757,2026/06/08 22:05:38.406,143.9,143.9,,143.9,400.0,1410.0,1593.0,51.0,P0,100.0,average_instant,"2026/06/08 22:05:38.406, 143.90, [N/A], 143.90, 400.00, 1410, 1593, 51, P0, 100"
1780956338519154321,2026/06/08 22:05:38.558,142.98,142.98,,142.98,400.0,1410.0,1593.0,51.0,P0,100.0,average_instant,"2026/06/08 22:05:38.558, 142.98, [N/A], 142.98, 400.00, 1410, 1593, 51, P0, 100"
1780956338672061978,2026/06/08 22:05:38.690,152.63,152.63,,152.63,400.0,1410.0,1593.0,52.0,P0,100.0,average_instant,"2026/06/08 22:05:38.690, 152.63, [N/A], 152.63, 400.00, 1410, 1593, 52, P0, 100"
1780956338803395057,2026/06/08 22:05:38.840,150.19,150.19,,150.19,400.0,1410.0,1593.0,52.0,P0,100.0,average_instant,"2026/06/08 22:05:38.840, 150.19, [N/A], 150.19, 400.00, 1410, 1593, 52, P0, 100"
1780956338953985260,2026/06/08 22:05:38.974,150.19,150.19,,150.19,400.0,1410.0,1593.0,51.0,P0,100.0,average_instant,"2026/06/08 22:05:38.974, 150.19, [N/A], 150.19, 400.00, 1410, 1593, 51, P0, 100"
1780956339089058565,2026/06/08 22:05:39.143,151.11,151.11,,151.11,400.0,1410.0,1593.0,52.0,P0,100.0,average_instant,"2026/06/08 22:05:39.143, 151.11, [N/A], 151.11, 400.00, 1410, 1593, 52, P0, 100"
1780956339257284301,2026/06/08 22:05:39.296,152.63,152.63,,152.63,400.0,1410.0,1593.0,52.0,P0,100.0,average_instant,"2026/06/08 22:05:39.296, 152.63, [N/A], 152.63, 400.00, 1410, 1593, 52, P0, 100"
1780956339410242989,2026/06/08 22:05:39.467,150.19,150.19,,150.19,400.0,1410.0,1593.0,52.0,P0,100.0,average_instant,"2026/06/08 22:05:39.467, 150.19, [N/A], 150.19, 400.00, 1410, 1593, 52, P0, 100"
1780956339580480257,2026/06/08 22:05:39.638,137.57,137.57,,137.57,400.0,1410.0,1593.0,51.0,P0,100.0,average_instant,"2026/06/08 22:05:39.638, 137.57, [N/A], 137.57, 400.00, 1410, 1593, 51, P0, 100"
1780956339754789774,2026/06/08 22:05:39.773,152.03,152.03,,152.03,400.0,1410.0,1593.0,52.0,P0,100.0,average_instant,"2026/06/08 22:05:39.773, 152.03, [N/A], 152.03, 400.00, 1410, 1593, 52, P0, 100"
1780956339889685109,2026/06/08 22:05:39.928,150.51,150.51,,150.51,400.0,1410.0,1593.0,52.0,P0,100.0,average_instant,"2026/06/08 22:05:39.928, 150.51, [N/A], 150.51, 400.00, 1410, 1593, 52, P0, 100"
1780956340041465654,2026/06/08 22:05:40.060,150.19,150.19,,150.19,400.0,1410.0,1593.0,52.0,P0,100.0,average_instant,"2026/06/08 22:05:40.060, 150.19, [N/A], 150.19, 400.00, 1410, 1593, 52, P0, 100"
1780956340174558235,2026/06/08 22:05:40.230,151.11,151.11,,151.11,400.0,1410.0,1593.0,51.0,P0,100.0,average_instant,"2026/06/08 22:05:40.230, 151.11, [N/A], 151.11, 400.00, 1410, 1593, 51, P0, 100"
1780956340343295882,2026/06/08 22:05:40.381,152.03,152.03,,152.03,400.0,1410.0,1593.0,52.0,P0,100.0,average_instant,"2026/06/08 22:05:40.381, 152.03, [N/A], 152.03, 400.00, 1410, 1593, 52, P0, 100"
1780956340495554588,2026/06/08 22:05:40.516,150.19,150.19,,150.19,400.0,1410.0,1593.0,52.0,P0,100.0,average_instant,"2026/06/08 22:05:40.516, 150.19, [N/A], 150.19, 400.00, 1410, 1593, 52, P0, 100"
1780956340629461192,2026/06/08 22:05:40.668,150.51,150.51,,150.51,400.0,1410.0,1593.0,51.0,P0,100.0,average_instant,"2026/06/08 22:05:40.668, 150.51, [N/A], 150.51, 400.00, 1410, 1593, 51, P0, 100"
1780956340781575577,2026/06/08 22:05:40.837,92.92,92.92,,92.92,400.0,1410.0,1593.0,49.0,P0,93.0,average_instant,"2026/06/08 22:05:40.837, 92.92, [N/A], 92.92, 400.00, 1410, 1593, 49, P0, 93"
