architecture_chip,architecture_generation,architecture_measurement_note,bench_build_git_commit,bench_json,benchmark_uses_wgmma,blocks,blocks_per_sm_requested,cache_policy,compute_capability,condition,cuda_device_index,cuda_elapsed_ms,cuda_visible_devices,device_index,device_name,driver_version,estimated_memory_gbps,estimated_tflops,fp16_ops_estimate,fp16_path,fp16_tensor_instruction_path,gpu_product_class,gpu_uuid,host_end_unix_ns,host_start_unix_ns,iters,kernel,l2_cache_bytes,mem_mib,mem_stride,memory_bytes_estimate,nvidia_smi_dmon_id,nvidia_smi_id,nvidia_smi_index,nvidia_smi_name,nvml_energy_delta_j,nvml_energy_end_mj,nvml_energy_note,nvml_energy_start_mj,nvml_energy_supported,power_csv,power_logger_errors,recommended_cuda_arch,regs_per_block,repeat_index,repeats,role,run_id,runner_wall_end_unix_ns,runner_wall_start_unix_ns,schema_features,schema_version,shared_mem_per_block,sm_count,sm_util_csv,sm_util_logger_errors,suppress_output_store,threads,unroll,validity_note,warmup,wgmma_supported,benchmark_schema_version,benchmark_schema_features,power_energy_j,avg_power_w,energy_source,power_trace_energy_j,power_trace_avg_power_w,power_trace_query_modes,avg_power_draw_w,avg_power_draw_average_w,avg_power_draw_instant_w,avg_power_limit_w,nvml_energy_counter_supported,energy_counter_vs_trace_delta_j,energy_counter_vs_trace_ratio,power_sample_count,sm_util_sample_count,avg_sm_clock_mhz,min_sm_clock_mhz,max_sm_clock_mhz,avg_temp_c,max_temp_c,avg_gpu_util_pct,max_gpu_util_pct,avg_sm_util_pct,max_sm_util_pct,mma_accumulator_bits_per_logical_mma,mma_arithmetic_read_bits_per_logical_mma,mma_flops_per_logical_mma,mma_input_bits_per_logical_mma,mma_instructions_per_logical_mma,mma_k,mma_logical_count_estimate,mma_logical_shape,mma_m,mma_n,mma_output_bits_per_logical_mma,mma_register_read_write_bits_per_logical_mma
ga102,ampere,"RTX 3090/GA102 path uses warp-level HMMA m16n8k16 pairs; board-level power and boost behavior are more variable than datacenter GPUs, so clock stability and no-L2 validation must be checked before using the pJ/bit estimate",5cb1f26c5c1f,results/fp16_launch_shape_warpsync_rtx3090_20260602_direct/raw/launch_shape_tensor_mma_f16acc_t032_b01_rep000_baseline_1780341022200281635/bench.json,False,82,1,none,8.6,launch_shape_tensor_mma_f16acc_t032_b01,0,1328.28369141,,0,NVIDIA GeForce RTX 3090,591.86,0,0,0,baseline_or_memory,benchmark uses warp-level HMMA mma.sync m16n8k16 pairs,consumer,GPU-6176a2fd-d534-e78c-edd2-78b8db8109b0,1780341034177495429,1780341032822899689,5000000,tensor_baseline_mov,6291456,256,1,0,0,GPU-6176a2fd-d534-e78c-edd2-78b8db8109b0,0,NVIDIA GeForce RTX 3090,197.888,4049430245,nvmlDeviceGetTotalEnergyConsumption available via CUDA PCI bus id 0000:01:00.0,4049232357,True,,['telemetry_not_collected: this WSL session blocks background GPU telemetry; NVML total energy counter is used'],86,65536,0,8,baseline,launch_shape_tensor_mma_f16acc_t032_b01_rep000_baseline_1780341022200281635,1780341034177495429,1780341032822899689,"['nvml_timed_energy_counter', 'explicit_m16n16k16_denominator', 'strict_denominator_provenance', 'tensor_loop_only_mov_baseline']",fp16-energy-bench-v2,49152,82,,['telemetry_not_collected: this WSL session blocks background nvidia-smi dmon'],True,32,8,unchecked; no concurrent dmon/NCU telemetry in this WSL session,2,False,fp16-energy-bench-v2,"nvml_timed_energy_counter,explicit_m16n16k16_denominator,strict_denominator_provenance,tensor_loop_only_mov_baseline",197.888,146.08638884395134,nvml_total_energy_counter,nan,nan,,nan,nan,nan,nan,True,nan,nan,0,0,nan,nan,nan,nan,nan,nan,nan,nan,nan,,,,,,,,,,,,
ga102,ampere,"RTX 3090/GA102 path uses warp-level HMMA m16n8k16 pairs; board-level power and boost behavior are more variable than datacenter GPUs, so clock stability and no-L2 validation must be checked before using the pJ/bit estimate",5cb1f26c5c1f,results/fp16_launch_shape_warpsync_rtx3090_20260602_direct/raw/launch_shape_tensor_mma_f16acc_t032_b01_rep000_test_1780341022200503614/bench.json,False,82,1,none,8.6,launch_shape_tensor_mma_f16acc_t032_b01,0,5683.3359375,,0,NVIDIA GeForce RTX 3090,591.86,0,37.8225187397,214958080000000,tensor_core_mma_m16n16k16_f16acc,benchmark uses warp-level HMMA mma.sync m16n8k16 pairs,consumer,GPU-6176a2fd-d534-e78c-edd2-78b8db8109b0,1780341055086740489,1780341049304677343,5000000,tensor_mma_f16acc,6291456,256,1,0,0,GPU-6176a2fd-d534-e78c-edd2-78b8db8109b0,0,NVIDIA GeForce RTX 3090,934.649,4051111856,nvmlDeviceGetTotalEnergyConsumption available via CUDA PCI bus id 0000:01:00.0,4050177207,True,,['telemetry_not_collected: this WSL session blocks background GPU telemetry; NVML total energy counter is used'],86,65536,0,8,test,launch_shape_tensor_mma_f16acc_t032_b01_rep000_test_1780341022200503614,1780341055086740489,1780341049304677343,"['nvml_timed_energy_counter', 'explicit_m16n16k16_denominator', 'strict_denominator_provenance', 'tensor_loop_only_mov_baseline']",fp16-energy-bench-v2,49152,82,,['telemetry_not_collected: this WSL session blocks background nvidia-smi dmon'],True,32,8,unchecked; no concurrent dmon/NCU telemetry in this WSL session,2,False,fp16-energy-bench-v2,"nvml_timed_energy_counter,explicit_m16n16k16_denominator,strict_denominator_provenance,tensor_loop_only_mov_baseline",934.649,161.64628029816402,nvml_total_energy_counter,nan,nan,,nan,nan,nan,nan,True,nan,nan,0,0,nan,nan,nan,nan,nan,nan,nan,nan,nan,4096,12288,8192,8192,2,16,26240000000,m16n16k16,16,16,4096,16384
ga102,ampere,"RTX 3090/GA102 path uses warp-level HMMA m16n8k16 pairs; board-level power and boost behavior are more variable than datacenter GPUs, so clock stability and no-L2 validation must be checked before using the pJ/bit estimate",5cb1f26c5c1f,results/fp16_launch_shape_warpsync_rtx3090_20260602_direct/raw/launch_shape_tensor_mma_f16acc_t032_b02_rep000_baseline_1780341022200741956/bench.json,False,164,2,none,8.6,launch_shape_tensor_mma_f16acc_t032_b02,0,1321.8815918,,0,NVIDIA GeForce RTX 3090,591.86,0,0,0,baseline_or_memory,benchmark uses warp-level HMMA mma.sync m16n8k16 pairs,consumer,GPU-6176a2fd-d534-e78c-edd2-78b8db8109b0,1780341062376660864,1780341061032930072,5000000,tensor_baseline_mov,6291456,256,1,0,0,GPU-6176a2fd-d534-e78c-edd2-78b8db8109b0,0,NVIDIA GeForce RTX 3090,203.983,4051722079,nvmlDeviceGetTotalEnergyConsumption available via CUDA PCI bus id 0000:01:00.0,4051518096,True,,['telemetry_not_collected: this WSL session blocks background GPU telemetry; NVML total energy counter is used'],86,65536,0,8,baseline,launch_shape_tensor_mma_f16acc_t032_b02_rep000_baseline_1780341022200741956,1780341062376660864,1780341061032930072,"['nvml_timed_energy_counter', 'explicit_m16n16k16_denominator', 'strict_denominator_provenance', 'tensor_loop_only_mov_baseline']",fp16-energy-bench-v2,49152,82,,['telemetry_not_collected: this WSL session blocks background nvidia-smi dmon'],True,32,8,unchecked; no concurrent dmon/NCU telemetry in this WSL session,2,False,fp16-energy-bench-v2,"nvml_timed_energy_counter,explicit_m16n16k16_denominator,strict_denominator_provenance,tensor_loop_only_mov_baseline",203.983,151.80347225383818,nvml_total_energy_counter,nan,nan,,nan,nan,nan,nan,True,nan,nan,0,0,nan,nan,nan,nan,nan,nan,nan,nan,nan,,,,,,,,,,,,
ga102,ampere,"RTX 3090/GA102 path uses warp-level HMMA m16n8k16 pairs; board-level power and boost behavior are more variable than datacenter GPUs, so clock stability and no-L2 validation must be checked before using the pJ/bit estimate",5cb1f26c5c1f,results/fp16_launch_shape_warpsync_rtx3090_20260602_direct/raw/launch_shape_tensor_mma_f16acc_t032_b02_rep000_test_1780341022200940354/bench.json,False,164,2,none,8.6,launch_shape_tensor_mma_f16acc_t032_b02,0,5705.92529297,,0,NVIDIA GeForce RTX 3090,591.86,0,75.3455641156,429916160000000,tensor_core_mma_m16n16k16_f16acc,benchmark uses warp-level HMMA mma.sync m16n8k16 pairs,consumer,GPU-6176a2fd-d534-e78c-edd2-78b8db8109b0,1780341077180893765,1780341071310403993,5000000,tensor_mma_f16acc,6291456,256,1,0,0,GPU-6176a2fd-d534-e78c-edd2-78b8db8109b0,0,NVIDIA GeForce RTX 3090,1065.36,4053434959,nvmlDeviceGetTotalEnergyConsumption available via CUDA PCI bus id 0000:01:00.0,4052369599,True,,['telemetry_not_collected: this WSL session blocks background GPU telemetry; NVML total energy counter is used'],86,65536,0,8,test,launch_shape_tensor_mma_f16acc_t032_b02_rep000_test_1780341022200940354,1780341077180893765,1780341071310403993,"['nvml_timed_energy_counter', 'explicit_m16n16k16_denominator', 'strict_denominator_provenance', 'tensor_loop_only_mov_baseline']",fp16-energy-bench-v2,49152,82,,['telemetry_not_collected: this WSL session blocks background nvidia-smi dmon'],True,32,8,unchecked; no concurrent dmon/NCU telemetry in this WSL session,2,False,fp16-energy-bench-v2,"nvml_timed_energy_counter,explicit_m16n16k16_denominator,strict_denominator_provenance,tensor_loop_only_mov_baseline",1065.36,181.4771920873385,nvml_total_energy_counter,nan,nan,,nan,nan,nan,nan,True,nan,nan,0,0,nan,nan,nan,nan,nan,nan,nan,nan,nan,4096,12288,8192,8192,2,16,52480000000,m16n16k16,16,16,4096,16384
ga102,ampere,"RTX 3090/GA102 path uses warp-level HMMA m16n8k16 pairs; board-level power and boost behavior are more variable than datacenter GPUs, so clock stability and no-L2 validation must be checked before using the pJ/bit estimate",5cb1f26c5c1f,results/fp16_launch_shape_warpsync_rtx3090_20260602_direct/raw/launch_shape_tensor_mma_f16acc_t032_b04_rep000_baseline_1780341022201153795/bench.json,False,328,4,none,8.6,launch_shape_tensor_mma_f16acc_t032_b04,0,1319.74755859,,0,NVIDIA GeForce RTX 3090,591.86,0,0,0,baseline_or_memory,benchmark uses warp-level HMMA mma.sync m16n8k16 pairs,consumer,GPU-6176a2fd-d534-e78c-edd2-78b8db8109b0,1780341084810649873,1780341083464552358,5000000,tensor_baseline_mov,6291456,256,1,0,0,GPU-6176a2fd-d534-e78c-edd2-78b8db8109b0,0,NVIDIA GeForce RTX 3090,219.679,4054063733,nvmlDeviceGetTotalEnergyConsumption available via CUDA PCI bus id 0000:01:00.0,4053844054,True,,['telemetry_not_collected: this WSL session blocks background GPU telemetry; NVML total energy counter is used'],86,65536,0,8,baseline,launch_shape_tensor_mma_f16acc_t032_b04_rep000_baseline_1780341022201153795,1780341084810649873,1780341083464552358,"['nvml_timed_energy_counter', 'explicit_m16n16k16_denominator', 'strict_denominator_provenance', 'tensor_loop_only_mov_baseline']",fp16-energy-bench-v2,49152,82,,['telemetry_not_collected: this WSL session blocks background nvidia-smi dmon'],True,32,8,unchecked; no concurrent dmon/NCU telemetry in this WSL session,2,False,fp16-energy-bench-v2,"nvml_timed_energy_counter,explicit_m16n16k16_denominator,strict_denominator_provenance,tensor_loop_only_mov_baseline",219.679,163.19694342500884,nvml_total_energy_counter,nan,nan,,nan,nan,nan,nan,True,nan,nan,0,0,nan,nan,nan,nan,nan,nan,nan,nan,nan,,,,,,,,,,,,
ga102,ampere,"RTX 3090/GA102 path uses warp-level HMMA m16n8k16 pairs; board-level power and boost behavior are more variable than datacenter GPUs, so clock stability and no-L2 validation must be checked before using the pJ/bit estimate",5cb1f26c5c1f,results/fp16_launch_shape_warpsync_rtx3090_20260602_direct/raw/launch_shape_tensor_mma_f16acc_t032_b04_rep000_test_1780341022201353515/bench.json,False,328,4,none,8.6,launch_shape_tensor_mma_f16acc_t032_b04,0,5736.02197266,,0,NVIDIA GeForce RTX 3090,591.86,0,149.900457861,859832320000000,tensor_core_mma_m16n16k16_f16acc,benchmark uses warp-level HMMA mma.sync m16n8k16 pairs,consumer,GPU-6176a2fd-d534-e78c-edd2-78b8db8109b0,1780341100096559408,1780341094272677083,5000000,tensor_mma_f16acc,6291456,256,1,0,0,GPU-6176a2fd-d534-e78c-edd2-78b8db8109b0,0,NVIDIA GeForce RTX 3090,1240.293,4056034109,nvmlDeviceGetTotalEnergyConsumption available via CUDA PCI bus id 0000:01:00.0,4054793816,True,,['telemetry_not_collected: this WSL session blocks background GPU telemetry; NVML total energy counter is used'],86,65536,0,8,test,launch_shape_tensor_mma_f16acc_t032_b04_rep000_test_1780341022201353515,1780341100096559408,1780341094272677083,"['nvml_timed_energy_counter', 'explicit_m16n16k16_denominator', 'strict_denominator_provenance', 'tensor_loop_only_mov_baseline']",fp16-energy-bench-v2,49152,82,,['telemetry_not_collected: this WSL session blocks background nvidia-smi dmon'],True,32,8,unchecked; no concurrent dmon/NCU telemetry in this WSL session,2,False,fp16-energy-bench-v2,"nvml_timed_energy_counter,explicit_m16n16k16_denominator,strict_denominator_provenance,tensor_loop_only_mov_baseline",1240.293,212.9667000096881,nvml_total_energy_counter,nan,nan,,nan,nan,nan,nan,True,nan,nan,0,0,nan,nan,nan,nan,nan,nan,nan,nan,nan,4096,12288,8192,8192,2,16,104960000000,m16n16k16,16,16,4096,16384
ga102,ampere,"RTX 3090/GA102 path uses warp-level HMMA m16n8k16 pairs; board-level power and boost behavior are more variable than datacenter GPUs, so clock stability and no-L2 validation must be checked before using the pJ/bit estimate",5cb1f26c5c1f,results/fp16_launch_shape_warpsync_rtx3090_20260602_direct/raw/launch_shape_tensor_mma_f16acc_t032_b08_rep000_baseline_1780341022201554658/bench.json,False,656,8,none,8.6,launch_shape_tensor_mma_f16acc_t032_b08,0,1391.82592773,,0,NVIDIA GeForce RTX 3090,591.86,0,0,0,baseline_or_memory,benchmark uses warp-level HMMA mma.sync m16n8k16 pairs,consumer,GPU-6176a2fd-d534-e78c-edd2-78b8db8109b0,1780341113365654420,1780341111943191498,5000000,tensor_baseline_mov,6291456,256,1,0,0,GPU-6176a2fd-d534-e78c-edd2-78b8db8109b0,0,NVIDIA GeForce RTX 3090,250.978,4056832870,nvmlDeviceGetTotalEnergyConsumption available via CUDA PCI bus id 0000:01:00.0,4056581892,True,,['telemetry_not_collected: this WSL session blocks background GPU telemetry; NVML total energy counter is used'],86,65536,0,8,baseline,launch_shape_tensor_mma_f16acc_t032_b08_rep000_baseline_1780341022201554658,1780341113365654420,1780341111943191498,"['nvml_timed_energy_counter', 'explicit_m16n16k16_denominator', 'strict_denominator_provenance', 'tensor_loop_only_mov_baseline']",fp16-energy-bench-v2,49152,82,,['telemetry_not_collected: this WSL session blocks background nvidia-smi dmon'],True,32,8,unchecked; no concurrent dmon/NCU telemetry in this WSL session,2,False,fp16-energy-bench-v2,"nvml_timed_energy_counter,explicit_m16n16k16_denominator,strict_denominator_provenance,tensor_loop_only_mov_baseline",250.978,176.43904534757357,nvml_total_energy_counter,nan,nan,,nan,nan,nan,nan,True,nan,nan,0,0,nan,nan,nan,nan,nan,nan,nan,nan,nan,,,,,,,,,,,,
ga102,ampere,"RTX 3090/GA102 path uses warp-level HMMA m16n8k16 pairs; board-level power and boost behavior are more variable than datacenter GPUs, so clock stability and no-L2 validation must be checked before using the pJ/bit estimate",5cb1f26c5c1f,results/fp16_launch_shape_warpsync_rtx3090_20260602_direct/raw/launch_shape_tensor_mma_f16acc_t032_b08_rep000_test_1780341022201754987/bench.json,False,656,8,none,8.6,launch_shape_tensor_mma_f16acc_t032_b08,0,11125.84375,,0,NVIDIA GeForce RTX 3090,591.86,0,154.564874237,1719664640000000,tensor_core_mma_m16n16k16_f16acc,benchmark uses warp-level HMMA mma.sync m16n8k16 pairs,consumer,GPU-6176a2fd-d534-e78c-edd2-78b8db8109b0,1780341142705782465,1780341131382689222,5000000,tensor_mma_f16acc,6291456,256,1,0,0,GPU-6176a2fd-d534-e78c-edd2-78b8db8109b0,0,NVIDIA GeForce RTX 3090,2457.401,4060465092,nvmlDeviceGetTotalEnergyConsumption available via CUDA PCI bus id 0000:01:00.0,4058007691,True,,['telemetry_not_collected: this WSL session blocks background GPU telemetry; NVML total energy counter is used'],86,65536,0,8,test,launch_shape_tensor_mma_f16acc_t032_b08_rep000_test_1780341022201754987,1780341142705782465,1780341131382689222,"['nvml_timed_energy_counter', 'explicit_m16n16k16_denominator', 'strict_denominator_provenance', 'tensor_loop_only_mov_baseline']",fp16-energy-bench-v2,49152,82,,['telemetry_not_collected: this WSL session blocks background nvidia-smi dmon'],True,32,8,unchecked; no concurrent dmon/NCU telemetry in this WSL session,2,False,fp16-energy-bench-v2,"nvml_timed_energy_counter,explicit_m16n16k16_denominator,strict_denominator_provenance,tensor_loop_only_mov_baseline",2457.401,217.02559073415551,nvml_total_energy_counter,nan,nan,,nan,nan,nan,nan,True,nan,nan,0,0,nan,nan,nan,nan,nan,nan,nan,nan,nan,4096,12288,8192,8192,2,16,209920000000,m16n16k16,16,16,4096,16384
ga102,ampere,"RTX 3090/GA102 path uses warp-level HMMA m16n8k16 pairs; board-level power and boost behavior are more variable than datacenter GPUs, so clock stability and no-L2 validation must be checked before using the pJ/bit estimate",5cb1f26c5c1f,results/fp16_launch_shape_warpsync_rtx3090_20260602_direct/raw/launch_shape_tensor_mma_f16acc_t064_b01_rep000_baseline_1780341022201948202/bench.json,False,82,1,none,8.6,launch_shape_tensor_mma_f16acc_t064_b01,0,1322.1907959,,0,NVIDIA GeForce RTX 3090,591.86,0,0,0,baseline_or_memory,benchmark uses warp-level HMMA mma.sync m16n8k16 pairs,consumer,GPU-6176a2fd-d534-e78c-edd2-78b8db8109b0,1780341154486479598,1780341153136867539,5000000,tensor_baseline_mov,6291456,256,1,0,0,GPU-6176a2fd-d534-e78c-edd2-78b8db8109b0,0,NVIDIA GeForce RTX 3090,205.29,4061194693,nvmlDeviceGetTotalEnergyConsumption available via CUDA PCI bus id 0000:01:00.0,4060989403,True,,['telemetry_not_collected: this WSL session blocks background GPU telemetry; NVML total energy counter is used'],86,65536,0,8,baseline,launch_shape_tensor_mma_f16acc_t064_b01_rep000_baseline_1780341022201948202,1780341154486479598,1780341153136867539,"['nvml_timed_energy_counter', 'explicit_m16n16k16_denominator', 'strict_denominator_provenance', 'tensor_loop_only_mov_baseline']",fp16-energy-bench-v2,49152,82,,['telemetry_not_collected: this WSL session blocks background nvidia-smi dmon'],True,64,8,unchecked; no concurrent dmon/NCU telemetry in this WSL session,2,False,fp16-energy-bench-v2,"nvml_timed_energy_counter,explicit_m16n16k16_denominator,strict_denominator_provenance,tensor_loop_only_mov_baseline",205.29,152.11037766816514,nvml_total_energy_counter,nan,nan,,nan,nan,nan,nan,True,nan,nan,0,0,nan,nan,nan,nan,nan,nan,nan,nan,nan,,,,,,,,,,,,
ga102,ampere,"RTX 3090/GA102 path uses warp-level HMMA m16n8k16 pairs; board-level power and boost behavior are more variable than datacenter GPUs, so clock stability and no-L2 validation must be checked before using the pJ/bit estimate",5cb1f26c5c1f,results/fp16_launch_shape_warpsync_rtx3090_20260602_direct/raw/launch_shape_tensor_mma_f16acc_t064_b01_rep000_test_1780341022202149447/bench.json,False,82,1,none,8.6,launch_shape_tensor_mma_f16acc_t064_b01,0,5735.29980469,,0,NVIDIA GeForce RTX 3090,591.86,0,74.959666389,429916160000000,tensor_core_mma_m16n16k16_f16acc,benchmark uses warp-level HMMA mma.sync m16n8k16 pairs,consumer,GPU-6176a2fd-d534-e78c-edd2-78b8db8109b0,1780341170668848685,1780341164793809151,5000000,tensor_mma_f16acc,6291456,256,1,0,0,GPU-6176a2fd-d534-e78c-edd2-78b8db8109b0,0,NVIDIA GeForce RTX 3090,1049.639,4062941280,nvmlDeviceGetTotalEnergyConsumption available via CUDA PCI bus id 0000:01:00.0,4061891641,True,,['telemetry_not_collected: this WSL session blocks background GPU telemetry; NVML total energy counter is used'],86,65536,0,8,test,launch_shape_tensor_mma_f16acc_t064_b01_rep000_test_1780341022202149447,1780341170668848685,1780341164793809151,"['nvml_timed_energy_counter', 'explicit_m16n16k16_denominator', 'strict_denominator_provenance', 'tensor_loop_only_mov_baseline']",fp16-energy-bench-v2,49152,82,,['telemetry_not_collected: this WSL session blocks background nvidia-smi dmon'],True,64,8,unchecked; no concurrent dmon/NCU telemetry in this WSL session,2,False,fp16-energy-bench-v2,"nvml_timed_energy_counter,explicit_m16n16k16_denominator,strict_denominator_provenance,tensor_loop_only_mov_baseline",1049.639,178.66075520437508,nvml_total_energy_counter,nan,nan,,nan,nan,nan,nan,True,nan,nan,0,0,nan,nan,nan,nan,nan,nan,nan,nan,nan,4096,12288,8192,8192,2,16,52480000000,m16n16k16,16,16,4096,16384
ga102,ampere,"RTX 3090/GA102 path uses warp-level HMMA m16n8k16 pairs; board-level power and boost behavior are more variable than datacenter GPUs, so clock stability and no-L2 validation must be checked before using the pJ/bit estimate",5cb1f26c5c1f,results/fp16_launch_shape_warpsync_rtx3090_20260602_direct/raw/launch_shape_tensor_mma_f16acc_t064_b02_rep000_baseline_1780341022202346016/bench.json,False,164,2,none,8.6,launch_shape_tensor_mma_f16acc_t064_b02,0,1320.71325684,,0,NVIDIA GeForce RTX 3090,591.86,0,0,0,baseline_or_memory,benchmark uses warp-level HMMA mma.sync m16n8k16 pairs,consumer,GPU-6176a2fd-d534-e78c-edd2-78b8db8109b0,1780341179768358357,1780341178424437331,5000000,tensor_baseline_mov,6291456,256,1,0,0,GPU-6176a2fd-d534-e78c-edd2-78b8db8109b0,0,NVIDIA GeForce RTX 3090,219.677,4063626833,nvmlDeviceGetTotalEnergyConsumption available via CUDA PCI bus id 0000:01:00.0,4063407156,True,,['telemetry_not_collected: this WSL session blocks background GPU telemetry; NVML total energy counter is used'],86,65536,0,8,baseline,launch_shape_tensor_mma_f16acc_t064_b02_rep000_baseline_1780341022202346016,1780341179768358357,1780341178424437331,"['nvml_timed_energy_counter', 'explicit_m16n16k16_denominator', 'strict_denominator_provenance', 'tensor_loop_only_mov_baseline']",fp16-energy-bench-v2,49152,82,,['telemetry_not_collected: this WSL session blocks background nvidia-smi dmon'],True,64,8,unchecked; no concurrent dmon/NCU telemetry in this WSL session,2,False,fp16-energy-bench-v2,"nvml_timed_energy_counter,explicit_m16n16k16_denominator,strict_denominator_provenance,tensor_loop_only_mov_baseline",219.677,163.45975377276372,nvml_total_energy_counter,nan,nan,,nan,nan,nan,nan,True,nan,nan,0,0,nan,nan,nan,nan,nan,nan,nan,nan,nan,,,,,,,,,,,,
ga102,ampere,"RTX 3090/GA102 path uses warp-level HMMA m16n8k16 pairs; board-level power and boost behavior are more variable than datacenter GPUs, so clock stability and no-L2 validation must be checked before using the pJ/bit estimate",5cb1f26c5c1f,results/fp16_launch_shape_warpsync_rtx3090_20260602_direct/raw/launch_shape_tensor_mma_f16acc_t064_b02_rep000_test_1780341022202540348/bench.json,False,164,2,none,8.6,launch_shape_tensor_mma_f16acc_t064_b02,0,5761.51953125,,0,NVIDIA GeForce RTX 3090,591.86,0,149.237074584,859832320000000,tensor_core_mma_m16n16k16_f16acc,benchmark uses warp-level HMMA mma.sync m16n8k16 pairs,consumer,GPU-6176a2fd-d534-e78c-edd2-78b8db8109b0,1780341192519483296,1780341187391426334,5000000,tensor_mma_f16acc,6291456,256,1,0,0,GPU-6176a2fd-d534-e78c-edd2-78b8db8109b0,0,NVIDIA GeForce RTX 3090,1245.517,4065554301,nvmlDeviceGetTotalEnergyConsumption available via CUDA PCI bus id 0000:01:00.0,4064308784,True,,['telemetry_not_collected: this WSL session blocks background GPU telemetry; NVML total energy counter is used'],86,65536,0,8,test,launch_shape_tensor_mma_f16acc_t064_b02_rep000_test_1780341022202540348,1780341192519483296,1780341187391426334,"['nvml_timed_energy_counter', 'explicit_m16n16k16_denominator', 'strict_denominator_provenance', 'tensor_loop_only_mov_baseline']",fp16-energy-bench-v2,49152,82,,['telemetry_not_collected: this WSL session blocks background nvidia-smi dmon'],True,64,8,unchecked; no concurrent dmon/NCU telemetry in this WSL session,2,False,fp16-energy-bench-v2,"nvml_timed_energy_counter,explicit_m16n16k16_denominator,strict_denominator_provenance,tensor_loop_only_mov_baseline",1245.517,242.88283247037774,nvml_total_energy_counter,nan,nan,,nan,nan,nan,nan,True,nan,nan,0,0,nan,nan,nan,nan,nan,nan,nan,nan,nan,4096,12288,8192,8192,2,16,104960000000,m16n16k16,16,16,4096,16384
ga102,ampere,"RTX 3090/GA102 path uses warp-level HMMA m16n8k16 pairs; board-level power and boost behavior are more variable than datacenter GPUs, so clock stability and no-L2 validation must be checked before using the pJ/bit estimate",5cb1f26c5c1f,results/fp16_launch_shape_warpsync_rtx3090_20260602_direct/raw/launch_shape_tensor_mma_f16acc_t064_b04_rep000_baseline_1780341022202735189/bench.json,False,328,4,none,8.6,launch_shape_tensor_mma_f16acc_t064_b04,0,1395.31774902,,0,NVIDIA GeForce RTX 3090,591.86,0,0,0,baseline_or_memory,benchmark uses warp-level HMMA mma.sync m16n8k16 pairs,consumer,GPU-6176a2fd-d534-e78c-edd2-78b8db8109b0,1780341200881796020,1780341199452136654,5000000,tensor_baseline_mov,6291456,256,1,0,0,GPU-6176a2fd-d534-e78c-edd2-78b8db8109b0,0,NVIDIA GeForce RTX 3090,252.732,4066243187,nvmlDeviceGetTotalEnergyConsumption available via CUDA PCI bus id 0000:01:00.0,4065990455,True,,['telemetry_not_collected: this WSL session blocks background GPU telemetry; NVML total energy counter is used'],86,65536,0,8,baseline,launch_shape_tensor_mma_f16acc_t064_b04_rep000_baseline_1780341022202735189,1780341200881796020,1780341199452136654,"['nvml_timed_energy_counter', 'explicit_m16n16k16_denominator', 'strict_denominator_provenance', 'tensor_loop_only_mov_baseline']",fp16-energy-bench-v2,49152,82,,['telemetry_not_collected: this WSL session blocks background nvidia-smi dmon'],True,64,8,unchecked; no concurrent dmon/NCU telemetry in this WSL session,2,False,fp16-energy-bench-v2,"nvml_timed_energy_counter,explicit_m16n16k16_denominator,strict_denominator_provenance,tensor_loop_only_mov_baseline",252.732,176.77777379034774,nvml_total_energy_counter,nan,nan,,nan,nan,nan,nan,True,nan,nan,0,0,nan,nan,nan,nan,nan,nan,nan,nan,nan,,,,,,,,,,,,
ga102,ampere,"RTX 3090/GA102 path uses warp-level HMMA m16n8k16 pairs; board-level power and boost behavior are more variable than datacenter GPUs, so clock stability and no-L2 validation must be checked before using the pJ/bit estimate",5cb1f26c5c1f,results/fp16_launch_shape_warpsync_rtx3090_20260602_direct/raw/launch_shape_tensor_mma_f16acc_t064_b04_rep000_test_1780341022202927083/bench.json,False,328,4,none,8.6,launch_shape_tensor_mma_f16acc_t064_b04,0,11171.2216797,,0,NVIDIA GeForce RTX 3090,591.86,0,153.937025807,1719664640000000,tensor_core_mma_m16n16k16_f16acc,benchmark uses warp-level HMMA mma.sync m16n8k16 pairs,consumer,GPU-6176a2fd-d534-e78c-edd2-78b8db8109b0,1780341220332190154,1780341209544614670,5000000,tensor_mma_f16acc,6291456,256,1,0,0,GPU-6176a2fd-d534-e78c-edd2-78b8db8109b0,0,NVIDIA GeForce RTX 3090,2498.911,4069725598,nvmlDeviceGetTotalEnergyConsumption available via CUDA PCI bus id 0000:01:00.0,4067226687,True,,['telemetry_not_collected: this WSL session blocks background GPU telemetry; NVML total energy counter is used'],86,65536,0,8,test,launch_shape_tensor_mma_f16acc_t064_b04_rep000_test_1780341022202927083,1780341220332190154,1780341209544614670,"['nvml_timed_energy_counter', 'explicit_m16n16k16_denominator', 'strict_denominator_provenance', 'tensor_loop_only_mov_baseline']",fp16-energy-bench-v2,49152,82,,['telemetry_not_collected: this WSL session blocks background nvidia-smi dmon'],True,64,8,unchecked; no concurrent dmon/NCU telemetry in this WSL session,2,False,fp16-energy-bench-v2,"nvml_timed_energy_counter,explicit_m16n16k16_denominator,strict_denominator_provenance,tensor_loop_only_mov_baseline",2498.911,231.6471392210747,nvml_total_energy_counter,nan,nan,,nan,nan,nan,nan,True,nan,nan,0,0,nan,nan,nan,nan,nan,nan,nan,nan,nan,4096,12288,8192,8192,2,16,209920000000,m16n16k16,16,16,4096,16384
ga102,ampere,"RTX 3090/GA102 path uses warp-level HMMA m16n8k16 pairs; board-level power and boost behavior are more variable than datacenter GPUs, so clock stability and no-L2 validation must be checked before using the pJ/bit estimate",5cb1f26c5c1f,results/fp16_launch_shape_warpsync_rtx3090_20260602_direct/raw/launch_shape_tensor_mma_f16acc_t064_b08_rep000_baseline_1780341022203119383/bench.json,False,656,8,none,8.6,launch_shape_tensor_mma_f16acc_t064_b08,0,1457.12438965,,0,NVIDIA GeForce RTX 3090,591.86,0,0,0,baseline_or_memory,benchmark uses warp-level HMMA mma.sync m16n8k16 pairs,consumer,GPU-6176a2fd-d534-e78c-edd2-78b8db8109b0,1780341229568610759,1780341228085177467,5000000,tensor_baseline_mov,6291456,256,1,0,0,GPU-6176a2fd-d534-e78c-edd2-78b8db8109b0,0,NVIDIA GeForce RTX 3090,314.928,4070517876,nvmlDeviceGetTotalEnergyConsumption available via CUDA PCI bus id 0000:01:00.0,4070202948,True,,['telemetry_not_collected: this WSL session blocks background GPU telemetry; NVML total energy counter is used'],86,65536,0,8,baseline,launch_shape_tensor_mma_f16acc_t064_b08_rep000_baseline_1780341022203119383,1780341229568610759,1780341228085177467,"['nvml_timed_energy_counter', 'explicit_m16n16k16_denominator', 'strict_denominator_provenance', 'tensor_loop_only_mov_baseline']",fp16-energy-bench-v2,49152,82,,['telemetry_not_collected: this WSL session blocks background nvidia-smi dmon'],True,64,8,unchecked; no concurrent dmon/NCU telemetry in this WSL session,2,False,fp16-energy-bench-v2,"nvml_timed_energy_counter,explicit_m16n16k16_denominator,strict_denominator_provenance,tensor_loop_only_mov_baseline",314.928,212.29670501422183,nvml_total_energy_counter,nan,nan,,nan,nan,nan,nan,True,nan,nan,0,0,nan,nan,nan,nan,nan,nan,nan,nan,nan,,,,,,,,,,,,
ga102,ampere,"RTX 3090/GA102 path uses warp-level HMMA m16n8k16 pairs; board-level power and boost behavior are more variable than datacenter GPUs, so clock stability and no-L2 validation must be checked before using the pJ/bit estimate",5cb1f26c5c1f,results/fp16_launch_shape_warpsync_rtx3090_20260602_direct/raw/launch_shape_tensor_mma_f16acc_t064_b08_rep000_test_1780341022203326014/bench.json,False,656,8,none,8.6,launch_shape_tensor_mma_f16acc_t064_b08,0,22566.2109375,,0,NVIDIA GeForce RTX 3090,591.86,0,152.41057923,3439329280000000,tensor_core_mma_m16n16k16_f16acc,benchmark uses warp-level HMMA mma.sync m16n8k16 pairs,consumer,GPU-6176a2fd-d534-e78c-edd2-78b8db8109b0,1780341263673923389,1780341241320048223,5000000,tensor_mma_f16acc,6291456,256,1,0,0,GPU-6176a2fd-d534-e78c-edd2-78b8db8109b0,0,NVIDIA GeForce RTX 3090,5074.442,4077203800,nvmlDeviceGetTotalEnergyConsumption available via CUDA PCI bus id 0000:01:00.0,4072129358,True,,['telemetry_not_collected: this WSL session blocks background GPU telemetry; NVML total energy counter is used'],86,65536,0,8,test,launch_shape_tensor_mma_f16acc_t064_b08_rep000_test_1780341022203326014,1780341263673923389,1780341241320048223,"['nvml_timed_energy_counter', 'explicit_m16n16k16_denominator', 'strict_denominator_provenance', 'tensor_loop_only_mov_baseline']",fp16-energy-bench-v2,49152,82,,['telemetry_not_collected: this WSL session blocks background nvidia-smi dmon'],True,64,8,unchecked; no concurrent dmon/NCU telemetry in this WSL session,2,False,fp16-energy-bench-v2,"nvml_timed_energy_counter,explicit_m16n16k16_denominator,strict_denominator_provenance,tensor_loop_only_mov_baseline",5074.442,227.00502540687756,nvml_total_energy_counter,nan,nan,,nan,nan,nan,nan,True,nan,nan,0,0,nan,nan,nan,nan,nan,nan,nan,nan,nan,4096,12288,8192,8192,2,16,419840000000,m16n16k16,16,16,4096,16384
ga102,ampere,"RTX 3090/GA102 path uses warp-level HMMA m16n8k16 pairs; board-level power and boost behavior are more variable than datacenter GPUs, so clock stability and no-L2 validation must be checked before using the pJ/bit estimate",5cb1f26c5c1f,results/fp16_launch_shape_warpsync_rtx3090_20260602_direct/raw/launch_shape_tensor_mma_f16acc_t128_b01_rep000_baseline_1780341022203520652/bench.json,False,82,1,none,8.6,launch_shape_tensor_mma_f16acc_t128_b01,0,1334.81066895,,0,NVIDIA GeForce RTX 3090,591.86,0,0,0,baseline_or_memory,benchmark uses warp-level HMMA mma.sync m16n8k16 pairs,consumer,GPU-6176a2fd-d534-e78c-edd2-78b8db8109b0,1780341271712535022,1780341270349111251,5000000,tensor_baseline_mov,6291456,256,1,0,0,GPU-6176a2fd-d534-e78c-edd2-78b8db8109b0,0,NVIDIA GeForce RTX 3090,224.488,4077899639,nvmlDeviceGetTotalEnergyConsumption available via CUDA PCI bus id 0000:01:00.0,4077675151,True,,['telemetry_not_collected: this WSL session blocks background GPU telemetry; NVML total energy counter is used'],86,65536,0,8,baseline,launch_shape_tensor_mma_f16acc_t128_b01_rep000_baseline_1780341022203520652,1780341271712535022,1780341270349111251,"['nvml_timed_energy_counter', 'explicit_m16n16k16_denominator', 'strict_denominator_provenance', 'tensor_loop_only_mov_baseline']",fp16-energy-bench-v2,49152,82,,['telemetry_not_collected: this WSL session blocks background nvidia-smi dmon'],True,128,8,unchecked; no concurrent dmon/NCU telemetry in this WSL session,2,False,fp16-energy-bench-v2,"nvml_timed_energy_counter,explicit_m16n16k16_denominator,strict_denominator_provenance,tensor_loop_only_mov_baseline",224.488,164.65020250846135,nvml_total_energy_counter,nan,nan,,nan,nan,nan,nan,True,nan,nan,0,0,nan,nan,nan,nan,nan,nan,nan,nan,nan,,,,,,,,,,,,
ga102,ampere,"RTX 3090/GA102 path uses warp-level HMMA m16n8k16 pairs; board-level power and boost behavior are more variable than datacenter GPUs, so clock stability and no-L2 validation must be checked before using the pJ/bit estimate",5cb1f26c5c1f,results/fp16_launch_shape_warpsync_rtx3090_20260602_direct/raw/launch_shape_tensor_mma_f16acc_t128_b01_rep000_test_1780341022203716103/bench.json,False,82,1,none,8.6,launch_shape_tensor_mma_f16acc_t128_b01,0,5823.1640625,,0,NVIDIA GeForce RTX 3090,591.86,0,147.657237676,859832320000000,tensor_core_mma_m16n16k16_f16acc,benchmark uses warp-level HMMA mma.sync m16n8k16 pairs,consumer,GPU-6176a2fd-d534-e78c-edd2-78b8db8109b0,1780341284392051050,1780341279026675666,5000000,tensor_mma_f16acc,6291456,256,1,0,0,GPU-6176a2fd-d534-e78c-edd2-78b8db8109b0,0,NVIDIA GeForce RTX 3090,1289.166,4079884985,nvmlDeviceGetTotalEnergyConsumption available via CUDA PCI bus id 0000:01:00.0,4078595819,True,,['telemetry_not_collected: this WSL session blocks background GPU telemetry; NVML total energy counter is used'],86,65536,0,8,test,launch_shape_tensor_mma_f16acc_t128_b01_rep000_test_1780341022203716103,1780341284392051050,1780341279026675666,"['nvml_timed_energy_counter', 'explicit_m16n16k16_denominator', 'strict_denominator_provenance', 'tensor_loop_only_mov_baseline']",fp16-energy-bench-v2,49152,82,,['telemetry_not_collected: this WSL session blocks background nvidia-smi dmon'],True,128,8,unchecked; no concurrent dmon/NCU telemetry in this WSL session,2,False,fp16-energy-bench-v2,"nvml_timed_energy_counter,explicit_m16n16k16_denominator,strict_denominator_provenance,tensor_loop_only_mov_baseline",1289.166,240.27508007070693,nvml_total_energy_counter,nan,nan,,nan,nan,nan,nan,True,nan,nan,0,0,nan,nan,nan,nan,nan,nan,nan,nan,nan,4096,12288,8192,8192,2,16,104960000000,m16n16k16,16,16,4096,16384
ga102,ampere,"RTX 3090/GA102 path uses warp-level HMMA m16n8k16 pairs; board-level power and boost behavior are more variable than datacenter GPUs, so clock stability and no-L2 validation must be checked before using the pJ/bit estimate",5cb1f26c5c1f,results/fp16_launch_shape_warpsync_rtx3090_20260602_direct/raw/launch_shape_tensor_mma_f16acc_t128_b02_rep000_baseline_1780341022203910944/bench.json,False,164,2,none,8.6,launch_shape_tensor_mma_f16acc_t128_b02,0,1401.02246094,,0,NVIDIA GeForce RTX 3090,591.86,0,0,0,baseline_or_memory,benchmark uses warp-level HMMA mma.sync m16n8k16 pairs,consumer,GPU-6176a2fd-d534-e78c-edd2-78b8db8109b0,1780341292697222582,1780341291270394166,5000000,tensor_baseline_mov,6291456,256,1,0,0,GPU-6176a2fd-d534-e78c-edd2-78b8db8109b0,0,NVIDIA GeForce RTX 3090,255.805,4080603506,nvmlDeviceGetTotalEnergyConsumption available via CUDA PCI bus id 0000:01:00.0,4080347701,True,,['telemetry_not_collected: this WSL session blocks background GPU telemetry; NVML total energy counter is used'],86,65536,0,8,baseline,launch_shape_tensor_mma_f16acc_t128_b02_rep000_baseline_1780341022203910944,1780341292697222582,1780341291270394166,"['nvml_timed_energy_counter', 'explicit_m16n16k16_denominator', 'strict_denominator_provenance', 'tensor_loop_only_mov_baseline']",fp16-energy-bench-v2,49152,82,,['telemetry_not_collected: this WSL session blocks background nvidia-smi dmon'],True,128,8,unchecked; no concurrent dmon/NCU telemetry in this WSL session,2,False,fp16-energy-bench-v2,"nvml_timed_energy_counter,explicit_m16n16k16_denominator,strict_denominator_provenance,tensor_loop_only_mov_baseline",255.805,179.28224384339708,nvml_total_energy_counter,nan,nan,,nan,nan,nan,nan,True,nan,nan,0,0,nan,nan,nan,nan,nan,nan,nan,nan,nan,,,,,,,,,,,,
ga102,ampere,"RTX 3090/GA102 path uses warp-level HMMA m16n8k16 pairs; board-level power and boost behavior are more variable than datacenter GPUs, so clock stability and no-L2 validation must be checked before using the pJ/bit estimate",5cb1f26c5c1f,results/fp16_launch_shape_warpsync_rtx3090_20260602_direct/raw/launch_shape_tensor_mma_f16acc_t128_b02_rep000_test_1780341022204107716/bench.json,False,164,2,none,8.6,launch_shape_tensor_mma_f16acc_t128_b02,0,11224.3701172,,0,NVIDIA GeForce RTX 3090,591.86,0,153.208119658,1719664640000000,tensor_core_mma_m16n16k16_f16acc,benchmark uses warp-level HMMA mma.sync m16n8k16 pairs,consumer,GPU-6176a2fd-d534-e78c-edd2-78b8db8109b0,1780341313061511208,1780341301624508865,5000000,tensor_mma_f16acc,6291456,256,1,0,0,GPU-6176a2fd-d534-e78c-edd2-78b8db8109b0,0,NVIDIA GeForce RTX 3090,2557.965,4084147921,nvmlDeviceGetTotalEnergyConsumption available via CUDA PCI bus id 0000:01:00.0,4081589956,True,,['telemetry_not_collected: this WSL session blocks background GPU telemetry; NVML total energy counter is used'],86,65536,0,8,test,launch_shape_tensor_mma_f16acc_t128_b02_rep000_test_1780341022204107716,1780341313061511208,1780341301624508865,"['nvml_timed_energy_counter', 'explicit_m16n16k16_denominator', 'strict_denominator_provenance', 'tensor_loop_only_mov_baseline']",fp16-energy-bench-v2,49152,82,,['telemetry_not_collected: this WSL session blocks background nvidia-smi dmon'],True,128,8,unchecked; no concurrent dmon/NCU telemetry in this WSL session,2,False,fp16-energy-bench-v2,"nvml_timed_energy_counter,explicit_m16n16k16_denominator,strict_denominator_provenance,tensor_loop_only_mov_baseline",2557.965,223.65694465085065,nvml_total_energy_counter,nan,nan,,nan,nan,nan,nan,True,nan,nan,0,0,nan,nan,nan,nan,nan,nan,nan,nan,nan,4096,12288,8192,8192,2,16,209920000000,m16n16k16,16,16,4096,16384
ga102,ampere,"RTX 3090/GA102 path uses warp-level HMMA m16n8k16 pairs; board-level power and boost behavior are more variable than datacenter GPUs, so clock stability and no-L2 validation must be checked before using the pJ/bit estimate",5cb1f26c5c1f,results/fp16_launch_shape_warpsync_rtx3090_20260602_direct/raw/launch_shape_tensor_mma_f16acc_t128_b04_rep000_baseline_1780341022204377567/bench.json,False,328,4,none,8.6,launch_shape_tensor_mma_f16acc_t128_b04,0,1455.38562012,,0,NVIDIA GeForce RTX 3090,591.86,0,0,0,baseline_or_memory,benchmark uses warp-level HMMA mma.sync m16n8k16 pairs,consumer,GPU-6176a2fd-d534-e78c-edd2-78b8db8109b0,1780341323922731012,1780341322440812663,5000000,tensor_baseline_mov,6291456,256,1,0,0,GPU-6176a2fd-d534-e78c-edd2-78b8db8109b0,0,NVIDIA GeForce RTX 3090,315.871,4084999563,nvmlDeviceGetTotalEnergyConsumption available via CUDA PCI bus id 0000:01:00.0,4084683692,True,,['telemetry_not_collected: this WSL session blocks background GPU telemetry; NVML total energy counter is used'],86,65536,0,8,baseline,launch_shape_tensor_mma_f16acc_t128_b04_rep000_baseline_1780341022204377567,1780341323922731012,1780341322440812663,"['nvml_timed_energy_counter', 'explicit_m16n16k16_denominator', 'strict_denominator_provenance', 'tensor_loop_only_mov_baseline']",fp16-energy-bench-v2,49152,82,,['telemetry_not_collected: this WSL session blocks background nvidia-smi dmon'],True,128,8,unchecked; no concurrent dmon/NCU telemetry in this WSL session,2,False,fp16-energy-bench-v2,"nvml_timed_energy_counter,explicit_m16n16k16_denominator,strict_denominator_provenance,tensor_loop_only_mov_baseline",315.871,213.15007011901164,nvml_total_energy_counter,nan,nan,,nan,nan,nan,nan,True,nan,nan,0,0,nan,nan,nan,nan,nan,nan,nan,nan,nan,,,,,,,,,,,,
ga102,ampere,"RTX 3090/GA102 path uses warp-level HMMA m16n8k16 pairs; board-level power and boost behavior are more variable than datacenter GPUs, so clock stability and no-L2 validation must be checked before using the pJ/bit estimate",5cb1f26c5c1f,results/fp16_launch_shape_warpsync_rtx3090_20260602_direct/raw/launch_shape_tensor_mma_f16acc_t128_b04_rep000_test_1780341022204614994/bench.json,False,328,4,none,8.6,launch_shape_tensor_mma_f16acc_t128_b04,0,22531.2910156,,0,NVIDIA GeForce RTX 3090,591.86,0,152.646791416,3439329280000000,tensor_core_mma_m16n16k16_f16acc,benchmark uses warp-level HMMA mma.sync m16n8k16 pairs,consumer,GPU-6176a2fd-d534-e78c-edd2-78b8db8109b0,1780341358008937592,1780341335614394076,5000000,tensor_mma_f16acc,6291456,256,1,0,0,GPU-6176a2fd-d534-e78c-edd2-78b8db8109b0,0,NVIDIA GeForce RTX 3090,5211.008,4091832138,nvmlDeviceGetTotalEnergyConsumption available via CUDA PCI bus id 0000:01:00.0,4086621130,True,,['telemetry_not_collected: this WSL session blocks background GPU telemetry; NVML total energy counter is used'],86,65536,0,8,test,launch_shape_tensor_mma_f16acc_t128_b04_rep000_test_1780341022204614994,1780341358008937592,1780341335614394076,"['nvml_timed_energy_counter', 'explicit_m16n16k16_denominator', 'strict_denominator_provenance', 'tensor_loop_only_mov_baseline']",fp16-energy-bench-v2,49152,82,,['telemetry_not_collected: this WSL session blocks background nvidia-smi dmon'],True,128,8,unchecked; no concurrent dmon/NCU telemetry in this WSL session,2,False,fp16-energy-bench-v2,"nvml_timed_energy_counter,explicit_m16n16k16_denominator,strict_denominator_provenance,tensor_loop_only_mov_baseline",5211.008,232.69096761346998,nvml_total_energy_counter,nan,nan,,nan,nan,nan,nan,True,nan,nan,0,0,nan,nan,nan,nan,nan,nan,nan,nan,nan,4096,12288,8192,8192,2,16,419840000000,m16n16k16,16,16,4096,16384
ga102,ampere,"RTX 3090/GA102 path uses warp-level HMMA m16n8k16 pairs; board-level power and boost behavior are more variable than datacenter GPUs, so clock stability and no-L2 validation must be checked before using the pJ/bit estimate",5cb1f26c5c1f,results/fp16_launch_shape_warpsync_rtx3090_20260602_direct/raw/launch_shape_tensor_mma_f16acc_t128_b08_rep000_baseline_1780341022204839107/bench.json,False,656,8,none,8.6,launch_shape_tensor_mma_f16acc_t128_b08,0,2720.89892578,,0,NVIDIA GeForce RTX 3090,591.86,0,0,0,baseline_or_memory,benchmark uses warp-level HMMA mma.sync m16n8k16 pairs,consumer,GPU-6176a2fd-d534-e78c-edd2-78b8db8109b0,1780341367646458514,1780341364873200551,5000000,tensor_baseline_mov,6291456,256,1,0,0,GPU-6176a2fd-d534-e78c-edd2-78b8db8109b0,0,NVIDIA GeForce RTX 3090,604.759,4092965859,nvmlDeviceGetTotalEnergyConsumption available via CUDA PCI bus id 0000:01:00.0,4092361100,True,,['telemetry_not_collected: this WSL session blocks background GPU telemetry; NVML total energy counter is used'],86,65536,0,8,baseline,launch_shape_tensor_mma_f16acc_t128_b08_rep000_baseline_1780341022204839107,1780341367646458514,1780341364873200551,"['nvml_timed_energy_counter', 'explicit_m16n16k16_denominator', 'strict_denominator_provenance', 'tensor_loop_only_mov_baseline']",fp16-energy-bench-v2,49152,82,,['telemetry_not_collected: this WSL session blocks background nvidia-smi dmon'],True,128,8,unchecked; no concurrent dmon/NCU telemetry in this WSL session,2,False,fp16-energy-bench-v2,"nvml_timed_energy_counter,explicit_m16n16k16_denominator,strict_denominator_provenance,tensor_loop_only_mov_baseline",604.759,218.06806581591704,nvml_total_energy_counter,nan,nan,,nan,nan,nan,nan,True,nan,nan,0,0,nan,nan,nan,nan,nan,nan,nan,nan,nan,,,,,,,,,,,,
ga102,ampere,"RTX 3090/GA102 path uses warp-level HMMA m16n8k16 pairs; board-level power and boost behavior are more variable than datacenter GPUs, so clock stability and no-L2 validation must be checked before using the pJ/bit estimate",5cb1f26c5c1f,results/fp16_launch_shape_warpsync_rtx3090_20260602_direct/raw/launch_shape_tensor_mma_f16acc_t128_b08_rep000_test_1780341022205042283/bench.json,False,656,8,none,8.6,launch_shape_tensor_mma_f16acc_t128_b08,0,45339.4140625,,0,NVIDIA GeForce RTX 3090,591.86,0,151.714765227,6878658560000000,tensor_core_mma_m16n16k16_f16acc,benchmark uses warp-level HMMA mma.sync m16n8k16 pairs,consumer,GPU-6176a2fd-d534-e78c-edd2-78b8db8109b0,1780341430363133656,1780341384760632042,5000000,tensor_mma_f16acc,6291456,256,1,0,0,GPU-6176a2fd-d534-e78c-edd2-78b8db8109b0,0,NVIDIA GeForce RTX 3090,10653.125,4106637078,nvmlDeviceGetTotalEnergyConsumption available via CUDA PCI bus id 0000:01:00.0,4095983953,True,,['telemetry_not_collected: this WSL session blocks background GPU telemetry; NVML total energy counter is used'],86,65536,0,8,test,launch_shape_tensor_mma_f16acc_t128_b08_rep000_test_1780341022205042283,1780341430363133656,1780341384760632042,"['nvml_timed_energy_counter', 'explicit_m16n16k16_denominator', 'strict_denominator_provenance', 'tensor_loop_only_mov_baseline']",fp16-energy-bench-v2,49152,82,,['telemetry_not_collected: this WSL session blocks background nvidia-smi dmon'],True,128,8,unchecked; no concurrent dmon/NCU telemetry in this WSL session,2,False,fp16-energy-bench-v2,"nvml_timed_energy_counter,explicit_m16n16k16_denominator,strict_denominator_provenance,tensor_loop_only_mov_baseline",10653.125,233.60834653705672,nvml_total_energy_counter,nan,nan,,nan,nan,nan,nan,True,nan,nan,0,0,nan,nan,nan,nan,nan,nan,nan,nan,nan,4096,12288,8192,8192,2,16,839680000000,m16n16k16,16,16,4096,16384
ga102,ampere,"RTX 3090/GA102 path uses warp-level HMMA m16n8k16 pairs; board-level power and boost behavior are more variable than datacenter GPUs, so clock stability and no-L2 validation must be checked before using the pJ/bit estimate",5cb1f26c5c1f,results/fp16_launch_shape_warpsync_rtx3090_20260602_direct/raw/launch_shape_tensor_mma_f16acc_t256_b01_rep000_baseline_1780341022205260704/bench.json,False,82,1,none,8.6,launch_shape_tensor_mma_f16acc_t256_b01,0,1410.03369141,,0,NVIDIA GeForce RTX 3090,591.86,0,0,0,baseline_or_memory,benchmark uses warp-level HMMA mma.sync m16n8k16 pairs,consumer,GPU-6176a2fd-d534-e78c-edd2-78b8db8109b0,1780341443433565390,1780341441997967164,5000000,tensor_baseline_mov,6291456,256,1,0,0,GPU-6176a2fd-d534-e78c-edd2-78b8db8109b0,0,NVIDIA GeForce RTX 3090,258.998,4107506959,nvmlDeviceGetTotalEnergyConsumption available via CUDA PCI bus id 0000:01:00.0,4107247961,True,,['telemetry_not_collected: this WSL session blocks background GPU telemetry; NVML total energy counter is used'],86,65536,0,8,baseline,launch_shape_tensor_mma_f16acc_t256_b01_rep000_baseline_1780341022205260704,1780341443433565390,1780341441997967164,"['nvml_timed_energy_counter', 'explicit_m16n16k16_denominator', 'strict_denominator_provenance', 'tensor_loop_only_mov_baseline']",fp16-energy-bench-v2,49152,82,,['telemetry_not_collected: this WSL session blocks background nvidia-smi dmon'],True,256,8,unchecked; no concurrent dmon/NCU telemetry in this WSL session,2,False,fp16-energy-bench-v2,"nvml_timed_energy_counter,explicit_m16n16k16_denominator,strict_denominator_provenance,tensor_loop_only_mov_baseline",258.998,180.41120092607304,nvml_total_energy_counter,nan,nan,,nan,nan,nan,nan,True,nan,nan,0,0,nan,nan,nan,nan,nan,nan,nan,nan,nan,,,,,,,,,,,,
ga102,ampere,"RTX 3090/GA102 path uses warp-level HMMA m16n8k16 pairs; board-level power and boost behavior are more variable than datacenter GPUs, so clock stability and no-L2 validation must be checked before using the pJ/bit estimate",5cb1f26c5c1f,results/fp16_launch_shape_warpsync_rtx3090_20260602_direct/raw/launch_shape_tensor_mma_f16acc_t256_b01_rep000_test_1780341022205457781/bench.json,False,82,1,none,8.6,launch_shape_tensor_mma_f16acc_t256_b01,0,11241.9912109,,0,NVIDIA GeForce RTX 3090,591.86,0,152.967975845,1719664640000000,tensor_core_mma_m16n16k16_f16acc,benchmark uses warp-level HMMA mma.sync m16n8k16 pairs,consumer,GPU-6176a2fd-d534-e78c-edd2-78b8db8109b0,1780341464733582810,1780341453279299976,5000000,tensor_mma_f16acc,6291456,256,1,0,0,GPU-6176a2fd-d534-e78c-edd2-78b8db8109b0,0,NVIDIA GeForce RTX 3090,2617.741,4111173935,nvmlDeviceGetTotalEnergyConsumption available via CUDA PCI bus id 0000:01:00.0,4108556194,True,,['telemetry_not_collected: this WSL session blocks background GPU telemetry; NVML total energy counter is used'],86,65536,0,8,test,launch_shape_tensor_mma_f16acc_t256_b01_rep000_test_1780341022205457781,1780341464733582810,1780341453279299976,"['nvml_timed_energy_counter', 'explicit_m16n16k16_denominator', 'strict_denominator_provenance', 'tensor_loop_only_mov_baseline']",fp16-energy-bench-v2,49152,82,,['telemetry_not_collected: this WSL session blocks background nvidia-smi dmon'],True,256,8,unchecked; no concurrent dmon/NCU telemetry in this WSL session,2,False,fp16-energy-bench-v2,"nvml_timed_energy_counter,explicit_m16n16k16_denominator,strict_denominator_provenance,tensor_loop_only_mov_baseline",2617.741,228.53818418292428,nvml_total_energy_counter,nan,nan,,nan,nan,nan,nan,True,nan,nan,0,0,nan,nan,nan,nan,nan,nan,nan,nan,nan,4096,12288,8192,8192,2,16,209920000000,m16n16k16,16,16,4096,16384
ga102,ampere,"RTX 3090/GA102 path uses warp-level HMMA m16n8k16 pairs; board-level power and boost behavior are more variable than datacenter GPUs, so clock stability and no-L2 validation must be checked before using the pJ/bit estimate",5cb1f26c5c1f,results/fp16_launch_shape_warpsync_rtx3090_20260602_direct/raw/launch_shape_tensor_mma_f16acc_t256_b02_rep000_baseline_1780341022205649573/bench.json,False,164,2,none,8.6,launch_shape_tensor_mma_f16acc_t256_b02,0,1474.20056152,,0,NVIDIA GeForce RTX 3090,591.86,0,0,0,baseline_or_memory,benchmark uses warp-level HMMA mma.sync m16n8k16 pairs,consumer,GPU-6176a2fd-d534-e78c-edd2-78b8db8109b0,1780341474048816525,1780341473125317175,5000000,tensor_baseline_mov,6291456,256,1,0,0,GPU-6176a2fd-d534-e78c-edd2-78b8db8109b0,0,NVIDIA GeForce RTX 3090,322.606,4112001872,nvmlDeviceGetTotalEnergyConsumption available via CUDA PCI bus id 0000:01:00.0,4111679266,True,,['telemetry_not_collected: this WSL session blocks background GPU telemetry; NVML total energy counter is used'],86,65536,0,8,baseline,launch_shape_tensor_mma_f16acc_t256_b02_rep000_baseline_1780341022205649573,1780341474048816525,1780341473125317175,"['nvml_timed_energy_counter', 'explicit_m16n16k16_denominator', 'strict_denominator_provenance', 'tensor_loop_only_mov_baseline']",fp16-energy-bench-v2,49152,82,,['telemetry_not_collected: this WSL session blocks background nvidia-smi dmon'],True,256,8,unchecked; no concurrent dmon/NCU telemetry in this WSL session,2,False,fp16-energy-bench-v2,"nvml_timed_energy_counter,explicit_m16n16k16_denominator,strict_denominator_provenance,tensor_loop_only_mov_baseline",322.606,349.32996975038475,nvml_total_energy_counter,nan,nan,,nan,nan,nan,nan,True,nan,nan,0,0,nan,nan,nan,nan,nan,nan,nan,nan,nan,,,,,,,,,,,,
ga102,ampere,"RTX 3090/GA102 path uses warp-level HMMA m16n8k16 pairs; board-level power and boost behavior are more variable than datacenter GPUs, so clock stability and no-L2 validation must be checked before using the pJ/bit estimate",5cb1f26c5c1f,results/fp16_launch_shape_warpsync_rtx3090_20260602_direct/raw/launch_shape_tensor_mma_f16acc_t256_b02_rep000_test_1780341022205839739/bench.json,False,164,2,none,8.6,launch_shape_tensor_mma_f16acc_t256_b02,0,22523.5,,0,NVIDIA GeForce RTX 3090,591.86,0,152.69959287,3439329280000000,tensor_core_mma_m16n16k16_f16acc,benchmark uses warp-level HMMA mma.sync m16n8k16 pairs,consumer,GPU-6176a2fd-d534-e78c-edd2-78b8db8109b0,1780341507944069284,1780341485596448533,5000000,tensor_mma_f16acc,6291456,256,1,0,0,GPU-6176a2fd-d534-e78c-edd2-78b8db8109b0,0,NVIDIA GeForce RTX 3090,5252.526,4118918130,nvmlDeviceGetTotalEnergyConsumption available via CUDA PCI bus id 0000:01:00.0,4113665604,True,,['telemetry_not_collected: this WSL session blocks background GPU telemetry; NVML total energy counter is used'],86,65536,0,8,test,launch_shape_tensor_mma_f16acc_t256_b02_rep000_test_1780341022205839739,1780341507944069284,1780341485596448533,"['nvml_timed_energy_counter', 'explicit_m16n16k16_denominator', 'strict_denominator_provenance', 'tensor_loop_only_mov_baseline']",fp16-energy-bench-v2,49152,82,,['telemetry_not_collected: this WSL session blocks background nvidia-smi dmon'],True,256,8,unchecked; no concurrent dmon/NCU telemetry in this WSL session,2,False,fp16-energy-bench-v2,"nvml_timed_energy_counter,explicit_m16n16k16_denominator,strict_denominator_provenance,tensor_loop_only_mov_baseline",5252.526,235.0373696835249,nvml_total_energy_counter,nan,nan,,nan,nan,nan,nan,True,nan,nan,0,0,nan,nan,nan,nan,nan,nan,nan,nan,nan,4096,12288,8192,8192,2,16,419840000000,m16n16k16,16,16,4096,16384
ga102,ampere,"RTX 3090/GA102 path uses warp-level HMMA m16n8k16 pairs; board-level power and boost behavior are more variable than datacenter GPUs, so clock stability and no-L2 validation must be checked before using the pJ/bit estimate",5cb1f26c5c1f,results/fp16_launch_shape_warpsync_rtx3090_20260602_direct/raw/launch_shape_tensor_mma_f16acc_t256_b04_rep000_baseline_1780341022206038544/bench.json,False,328,4,none,8.6,launch_shape_tensor_mma_f16acc_t256_b04,0,2544.96362305,,0,NVIDIA GeForce RTX 3090,591.86,0,0,0,baseline_or_memory,benchmark uses warp-level HMMA mma.sync m16n8k16 pairs,consumer,GPU-6176a2fd-d534-e78c-edd2-78b8db8109b0,1780341516879214632,1780341514253082731,5000000,tensor_baseline_mov,6291456,256,1,0,0,GPU-6176a2fd-d534-e78c-edd2-78b8db8109b0,0,NVIDIA GeForce RTX 3090,579.557,4120033538,nvmlDeviceGetTotalEnergyConsumption available via CUDA PCI bus id 0000:01:00.0,4119453981,True,,['telemetry_not_collected: this WSL session blocks background GPU telemetry; NVML total energy counter is used'],86,65536,0,8,baseline,launch_shape_tensor_mma_f16acc_t256_b04_rep000_baseline_1780341022206038544,1780341516879214632,1780341514253082731,"['nvml_timed_energy_counter', 'explicit_m16n16k16_denominator', 'strict_denominator_provenance', 'tensor_loop_only_mov_baseline']",fp16-energy-bench-v2,49152,82,,['telemetry_not_collected: this WSL session blocks background nvidia-smi dmon'],True,256,8,unchecked; no concurrent dmon/NCU telemetry in this WSL session,2,False,fp16-energy-bench-v2,"nvml_timed_energy_counter,explicit_m16n16k16_denominator,strict_denominator_provenance,tensor_loop_only_mov_baseline",579.557,220.68845810041438,nvml_total_energy_counter,nan,nan,,nan,nan,nan,nan,True,nan,nan,0,0,nan,nan,nan,nan,nan,nan,nan,nan,nan,,,,,,,,,,,,
ga102,ampere,"RTX 3090/GA102 path uses warp-level HMMA m16n8k16 pairs; board-level power and boost behavior are more variable than datacenter GPUs, so clock stability and no-L2 validation must be checked before using the pJ/bit estimate",5cb1f26c5c1f,results/fp16_launch_shape_warpsync_rtx3090_20260602_direct/raw/launch_shape_tensor_mma_f16acc_t256_b04_rep000_test_1780341022206246700/bench.json,False,328,4,none,8.6,launch_shape_tensor_mma_f16acc_t256_b04,0,45403.75,,0,NVIDIA GeForce RTX 3090,591.86,0,151.499789335,6878658560000000,tensor_core_mma_m16n16k16_f16acc,benchmark uses warp-level HMMA mma.sync m16n8k16 pairs,consumer,GPU-6176a2fd-d534-e78c-edd2-78b8db8109b0,1780341578880023877,1780341533979037967,5000000,tensor_mma_f16acc,6291456,256,1,0,0,GPU-6176a2fd-d534-e78c-edd2-78b8db8109b0,0,NVIDIA GeForce RTX 3090,10755.479,4133821691,nvmlDeviceGetTotalEnergyConsumption available via CUDA PCI bus id 0000:01:00.0,4123066212,True,,['telemetry_not_collected: this WSL session blocks background GPU telemetry; NVML total energy counter is used'],86,65536,0,8,test,launch_shape_tensor_mma_f16acc_t256_b04_rep000_test_1780341022206246700,1780341578880023877,1780341533979037967,"['nvml_timed_energy_counter', 'explicit_m16n16k16_denominator', 'strict_denominator_provenance', 'tensor_loop_only_mov_baseline']",fp16-energy-bench-v2,49152,82,,['telemetry_not_collected: this WSL session blocks background nvidia-smi dmon'],True,256,8,unchecked; no concurrent dmon/NCU telemetry in this WSL session,2,False,fp16-energy-bench-v2,"nvml_timed_energy_counter,explicit_m16n16k16_denominator,strict_denominator_provenance,tensor_loop_only_mov_baseline",10755.479,239.53770239162213,nvml_total_energy_counter,nan,nan,,nan,nan,nan,nan,True,nan,nan,0,0,nan,nan,nan,nan,nan,nan,nan,nan,nan,4096,12288,8192,8192,2,16,839680000000,m16n16k16,16,16,4096,16384
ga102,ampere,"RTX 3090/GA102 path uses warp-level HMMA m16n8k16 pairs; board-level power and boost behavior are more variable than datacenter GPUs, so clock stability and no-L2 validation must be checked before using the pJ/bit estimate",5cb1f26c5c1f,results/fp16_launch_shape_warpsync_rtx3090_20260602_direct/raw/launch_shape_tensor_mma_f16acc_t256_b08_rep000_baseline_1780341022206440118/bench.json,False,656,8,none,8.6,launch_shape_tensor_mma_f16acc_t256_b08,0,4524.50097656,,0,NVIDIA GeForce RTX 3090,591.86,0,0,0,baseline_or_memory,benchmark uses warp-level HMMA mma.sync m16n8k16 pairs,consumer,GPU-6176a2fd-d534-e78c-edd2-78b8db8109b0,1780341592360394836,1780341587685236824,5000000,tensor_baseline_mov,6291456,256,1,0,0,GPU-6176a2fd-d534-e78c-edd2-78b8db8109b0,0,NVIDIA GeForce RTX 3090,1101.62,4135643409,nvmlDeviceGetTotalEnergyConsumption available via CUDA PCI bus id 0000:01:00.0,4134541789,True,,['telemetry_not_collected: this WSL session blocks background GPU telemetry; NVML total energy counter is used'],86,65536,0,8,baseline,launch_shape_tensor_mma_f16acc_t256_b08_rep000_baseline_1780341022206440118,1780341592360394836,1780341587685236824,"['nvml_timed_energy_counter', 'explicit_m16n16k16_denominator', 'strict_denominator_provenance', 'tensor_loop_only_mov_baseline']",fp16-energy-bench-v2,49152,82,,['telemetry_not_collected: this WSL session blocks background nvidia-smi dmon'],True,256,8,unchecked; no concurrent dmon/NCU telemetry in this WSL session,2,False,fp16-energy-bench-v2,"nvml_timed_energy_counter,explicit_m16n16k16_denominator,strict_denominator_provenance,tensor_loop_only_mov_baseline",1101.62,235.63267747793932,nvml_total_energy_counter,nan,nan,,nan,nan,nan,nan,True,nan,nan,0,0,nan,nan,nan,nan,nan,nan,nan,nan,nan,,,,,,,,,,,,
ga102,ampere,"RTX 3090/GA102 path uses warp-level HMMA m16n8k16 pairs; board-level power and boost behavior are more variable than datacenter GPUs, so clock stability and no-L2 validation must be checked before using the pJ/bit estimate",5cb1f26c5c1f,results/fp16_launch_shape_warpsync_rtx3090_20260602_direct/raw/launch_shape_tensor_mma_f16acc_t256_b08_rep000_test_1780341022206633333/bench.json,False,656,8,none,8.6,launch_shape_tensor_mma_f16acc_t256_b08,0,92213.828125,,0,NVIDIA GeForce RTX 3090,591.86,0,149.189307067,13757317120000000,tensor_core_mma_m16n16k16_f16acc,benchmark uses warp-level HMMA mma.sync m16n8k16 pairs,consumer,GPU-6176a2fd-d534-e78c-edd2-78b8db8109b0,1780341713686862277,1780341621478860657,5000000,tensor_mma_f16acc,6291456,256,1,0,0,GPU-6176a2fd-d534-e78c-edd2-78b8db8109b0,0,NVIDIA GeForce RTX 3090,21969.684,4163384341,nvmlDeviceGetTotalEnergyConsumption available via CUDA PCI bus id 0000:01:00.0,4141414657,True,,['telemetry_not_collected: this WSL session blocks background GPU telemetry; NVML total energy counter is used'],86,65536,0,8,test,launch_shape_tensor_mma_f16acc_t256_b08_rep000_test_1780341022206633333,1780341713686862277,1780341621478860657,"['nvml_timed_energy_counter', 'explicit_m16n16k16_denominator', 'strict_denominator_provenance', 'tensor_loop_only_mov_baseline']",fp16-energy-bench-v2,49152,82,,['telemetry_not_collected: this WSL session blocks background nvidia-smi dmon'],True,256,8,unchecked; no concurrent dmon/NCU telemetry in this WSL session,2,False,fp16-energy-bench-v2,"nvml_timed_energy_counter,explicit_m16n16k16_denominator,strict_denominator_provenance,tensor_loop_only_mov_baseline",21969.684,238.26222902584578,nvml_total_energy_counter,nan,nan,,nan,nan,nan,nan,True,nan,nan,0,0,nan,nan,nan,nan,nan,nan,nan,nan,nan,4096,12288,8192,8192,2,16,1679360000000,m16n16k16,16,16,4096,16384
