scope,condition,repeat_index,gpu,architecture_generation,architecture_chip,test_kernel,baseline_kernel,threads,threads_per_sm,measurement_grade,baseline_match_grade,quality_pass,target_pass,positive_increment,no_intended_l2,pure_fp16_candidate,energy_source_reliable,baseline_structural_match,ncu_validation_pass,ncu_required,test_ncu_note,baseline_ncu_note,clock_stable,sm_util_available,common_hmma_path,tflops,avg_sm_util_pct,matmul_input_pj_per_bit,incremental_power_w,clock_span_mhz,test_energy_source,baseline_energy_source,test_power_samples,baseline_power_samples,fail_reasons,warnings,run_count,required_valid_count,valid_no_l2_count,pure_fp16_candidate_count,selected_optimal,util_saturated,avg_sm_util_pct_mean,avg_gpu_util_pct_mean,tflops_mean,matmul_input_pj_per_bit_mean,matmul_input_pj_per_bit_ci95,incremental_power_w_mean,clock_span_mhz_mean,stats_scope,test_energy_source_counts,baseline_energy_source_counts
pair,thread_sweep_tensor_mma_f16acc_t032,0,NVIDIA GeForce RTX 3090,ampere,ga102,tensor_mma_f16acc,baseline_nop,32,256.0,power_trace_fallback,generic_nop_baseline,False,False,True,True,True,True,False,False,False,missing NCU validation row,missing NCU validation row,True,True,True,162.63828482036178,100.0,0.5646225566139558,82.98324055473077,0.0,power_trace_integral,power_trace_integral,20,10,rerun with tensor_baseline_u32; baseline_nop is only a weak loop baseline for Tensor Core separation,NVML energy counter was unavailable; using power trace fallback,,,,,,,,,,,,,,,,
pair,thread_sweep_tensor_mma_f16acc_t032,1,NVIDIA GeForce RTX 3090,ampere,ga102,tensor_mma_f16acc,baseline_nop,32,256.0,power_trace_fallback,generic_nop_baseline,False,False,True,True,True,True,False,False,False,missing NCU validation row,missing NCU validation row,True,True,True,158.3550153551832,99.66666666666667,0.2070200986840532,23.436881965448094,0.0,power_trace_integral,power_trace_integral,21,12,rerun with tensor_baseline_u32; baseline_nop is only a weak loop baseline for Tensor Core separation,NVML energy counter was unavailable; using power trace fallback,,,,,,,,,,,,,,,,
pair,thread_sweep_tensor_mma_f16acc_t032,2,NVIDIA GeForce RTX 3090,ampere,ga102,tensor_mma_f16acc,baseline_nop,32,256.0,power_trace_fallback,generic_nop_baseline,False,False,False,False,False,True,False,False,False,missing NCU validation row,missing NCU validation row,True,True,True,159.6884784883771,99.66666666666667,-0.36546085254816285,-67.77172753509086,0.0,power_trace_integral,power_trace_integral,21,13,nonpositive incremental power/energy; expected or invalid L2/global traffic; not a pure FP16 candidate; rerun with tensor_baseline_u32; baseline_nop is only a weak loop baseline for Tensor Core separation,NVML energy counter was unavailable; using power trace fallback,,,,,,,,,,,,,,,,
pair,thread_sweep_tensor_mma_f16acc_t032,3,NVIDIA GeForce RTX 3090,ampere,ga102,tensor_mma_f16acc,baseline_nop,32,256.0,power_trace_fallback,generic_nop_baseline,False,False,True,True,True,True,False,False,False,missing NCU validation row,missing NCU validation row,True,True,True,159.69648697349626,99.66666666666667,0.22630708501062968,24.139011241588804,0.0,power_trace_integral,power_trace_integral,21,12,rerun with tensor_baseline_u32; baseline_nop is only a weak loop baseline for Tensor Core separation,NVML energy counter was unavailable; using power trace fallback,,,,,,,,,,,,,,,,
pair,thread_sweep_tensor_mma_f16acc_t032,4,NVIDIA GeForce RTX 3090,ampere,ga102,tensor_mma_f16acc,baseline_nop,32,256.0,power_trace_fallback,generic_nop_baseline,False,False,True,True,True,True,False,False,False,missing NCU validation row,missing NCU validation row,True,True,True,159.68258487273823,99.66666666666667,0.22985542884385268,27.0958432441073,0.0,power_trace_integral,power_trace_integral,21,11,rerun with tensor_baseline_u32; baseline_nop is only a weak loop baseline for Tensor Core separation,NVML energy counter was unavailable; using power trace fallback,,,,,,,,,,,,,,,,
pair,thread_sweep_tensor_mma_f16acc_t032,5,NVIDIA GeForce RTX 3090,ampere,ga102,tensor_mma_f16acc,baseline_nop,32,256.0,power_trace_fallback,generic_nop_baseline,False,False,False,False,False,True,False,False,False,missing NCU validation row,missing NCU validation row,True,True,True,159.57293007008454,99.66666666666667,-0.4917189405705206,21.20071210750538,0.0,power_trace_integral,power_trace_integral,17,12,nonpositive incremental power/energy; expected or invalid L2/global traffic; not a pure FP16 candidate; rerun with tensor_baseline_u32; baseline_nop is only a weak loop baseline for Tensor Core separation,NVML energy counter was unavailable; using power trace fallback,,,,,,,,,,,,,,,,
pair,thread_sweep_tensor_mma_f16acc_t032,6,NVIDIA GeForce RTX 3090,ampere,ga102,tensor_mma_f16acc,baseline_nop,32,256.0,power_trace_fallback,generic_nop_baseline,False,False,True,True,True,True,False,False,False,missing NCU validation row,missing NCU validation row,True,True,True,157.7215722028497,99.66666666666667,0.218125875362695,24.797883325623445,0.0,power_trace_integral,power_trace_integral,21,11,rerun with tensor_baseline_u32; baseline_nop is only a weak loop baseline for Tensor Core separation,NVML energy counter was unavailable; using power trace fallback,,,,,,,,,,,,,,,,
pair,thread_sweep_tensor_mma_f16acc_t032,7,NVIDIA GeForce RTX 3090,ampere,ga102,tensor_mma_f16acc,baseline_nop,32,256.0,power_trace_fallback,generic_nop_baseline,False,False,True,True,True,True,False,False,False,missing NCU validation row,missing NCU validation row,True,True,True,157.98146350096496,100.0,0.20166933363057513,22.19412957718103,0.0,power_trace_integral,power_trace_integral,21,12,rerun with tensor_baseline_u32; baseline_nop is only a weak loop baseline for Tensor Core separation,NVML energy counter was unavailable; using power trace fallback,,,,,,,,,,,,,,,,
pair,thread_sweep_tensor_mma_f16acc_t032,8,NVIDIA GeForce RTX 3090,ampere,ga102,tensor_mma_f16acc,baseline_nop,32,256.0,power_trace_fallback,generic_nop_baseline,False,False,False,False,False,True,False,False,False,missing NCU validation row,missing NCU validation row,True,True,True,157.7579566588425,99.66666666666667,-0.4740910868635342,24.596235117449396,0.0,power_trace_integral,power_trace_integral,14,12,nonpositive incremental power/energy; expected or invalid L2/global traffic; not a pure FP16 candidate; rerun with tensor_baseline_u32; baseline_nop is only a weak loop baseline for Tensor Core separation,NVML energy counter was unavailable; using power trace fallback,,,,,,,,,,,,,,,,
pair,thread_sweep_tensor_mma_f16acc_t032,9,NVIDIA GeForce RTX 3090,ampere,ga102,tensor_mma_f16acc,baseline_nop,32,256.0,power_trace_fallback,generic_nop_baseline,False,False,True,True,True,True,False,False,False,missing NCU validation row,missing NCU validation row,True,True,True,158.51770716993084,100.0,0.19014553502874712,20.504338206801833,0.0,power_trace_integral,power_trace_integral,20,12,rerun with tensor_baseline_u32; baseline_nop is only a weak loop baseline for Tensor Core separation,NVML energy counter was unavailable; using power trace fallback,,,,,,,,,,,,,,,,
pair,thread_sweep_tensor_mma_f16acc_t064,0,NVIDIA GeForce RTX 3090,ampere,ga102,tensor_mma_f16acc,baseline_nop,64,512.0,power_trace_fallback,generic_nop_baseline,False,False,True,True,True,True,False,False,False,missing NCU validation row,missing NCU validation row,True,True,True,162.1047637095315,100.0,0.24999850227660192,31.7943219385144,0.0,power_trace_integral,power_trace_integral,20,6,rerun with tensor_baseline_u32; baseline_nop is only a weak loop baseline for Tensor Core separation,NVML energy counter was unavailable; using power trace fallback,,,,,,,,,,,,,,,,
pair,thread_sweep_tensor_mma_f16acc_t064,1,NVIDIA GeForce RTX 3090,ampere,ga102,tensor_mma_f16acc,baseline_nop,64,512.0,power_trace_fallback,generic_nop_baseline,False,False,True,True,True,True,False,False,False,missing NCU validation row,missing NCU validation row,True,True,True,157.6597924188432,100.0,0.198504026387425,21.77700899767038,0.0,power_trace_integral,power_trace_integral,20,5,rerun with tensor_baseline_u32; baseline_nop is only a weak loop baseline for Tensor Core separation,NVML energy counter was unavailable; using power trace fallback,,,,,,,,,,,,,,,,
pair,thread_sweep_tensor_mma_f16acc_t064,2,NVIDIA GeForce RTX 3090,ampere,ga102,tensor_mma_f16acc,baseline_nop,64,512.0,power_trace_fallback,generic_nop_baseline,False,False,True,True,True,True,False,False,False,missing NCU validation row,missing NCU validation row,True,True,True,160.12252600031724,100.0,0.27239495752615245,33.868225274967045,0.0,power_trace_integral,power_trace_integral,21,6,rerun with tensor_baseline_u32; baseline_nop is only a weak loop baseline for Tensor Core separation,NVML energy counter was unavailable; using power trace fallback,,,,,,,,,,,,,,,,
pair,thread_sweep_tensor_mma_f16acc_t064,3,NVIDIA GeForce RTX 3090,ampere,ga102,tensor_mma_f16acc,baseline_nop,64,512.0,power_trace_fallback,generic_nop_baseline,False,False,False,False,False,True,False,False,False,missing NCU validation row,missing NCU validation row,True,True,True,160.12350152623375,100.0,-0.4033307228166294,32.67946494167711,0.0,power_trace_integral,power_trace_integral,17,6,nonpositive incremental power/energy; expected or invalid L2/global traffic; not a pure FP16 candidate; rerun with tensor_baseline_u32; baseline_nop is only a weak loop baseline for Tensor Core separation,NVML energy counter was unavailable; using power trace fallback,,,,,,,,,,,,,,,,
pair,thread_sweep_tensor_mma_f16acc_t064,4,NVIDIA GeForce RTX 3090,ampere,ga102,tensor_mma_f16acc,baseline_nop,64,512.0,power_trace_fallback,generic_nop_baseline,False,False,True,True,True,True,False,False,False,missing NCU validation row,missing NCU validation row,True,True,True,160.10275597247144,100.0,0.26361095281016206,32.37482696017631,0.0,power_trace_integral,power_trace_integral,21,6,rerun with tensor_baseline_u32; baseline_nop is only a weak loop baseline for Tensor Core separation,NVML energy counter was unavailable; using power trace fallback,,,,,,,,,,,,,,,,
pair,thread_sweep_tensor_mma_f16acc_t064,5,NVIDIA GeForce RTX 3090,ampere,ga102,tensor_mma_f16acc,baseline_nop,64,512.0,power_trace_fallback,generic_nop_baseline,False,False,True,True,True,True,False,False,False,missing NCU validation row,missing NCU validation row,True,True,True,158.70094063774877,100.0,0.2616281641230256,32.164032122807555,0.0,power_trace_integral,power_trace_integral,21,6,rerun with tensor_baseline_u32; baseline_nop is only a weak loop baseline for Tensor Core separation,NVML energy counter was unavailable; using power trace fallback,,,,,,,,,,,,,,,,
pair,thread_sweep_tensor_mma_f16acc_t064,6,NVIDIA GeForce RTX 3090,ampere,ga102,tensor_mma_f16acc,baseline_nop,64,512.0,power_trace_fallback,generic_nop_baseline,False,False,True,True,True,True,False,False,False,missing NCU validation row,missing NCU validation row,True,True,True,158.38267489818531,100.0,0.2618094143807966,31.653660120014592,0.0,power_trace_integral,power_trace_integral,20,6,rerun with tensor_baseline_u32; baseline_nop is only a weak loop baseline for Tensor Core separation,NVML energy counter was unavailable; using power trace fallback,,,,,,,,,,,,,,,,
pair,thread_sweep_tensor_mma_f16acc_t064,7,NVIDIA GeForce RTX 3090,ampere,ga102,tensor_mma_f16acc,baseline_nop,64,512.0,power_trace_fallback,generic_nop_baseline,False,False,True,True,True,True,False,False,False,missing NCU validation row,missing NCU validation row,True,True,True,158.7526614217729,100.0,0.2618337439237106,31.645457853056485,0.0,power_trace_integral,power_trace_integral,21,6,rerun with tensor_baseline_u32; baseline_nop is only a weak loop baseline for Tensor Core separation,NVML energy counter was unavailable; using power trace fallback,,,,,,,,,,,,,,,,
pair,thread_sweep_tensor_mma_f16acc_t064,8,NVIDIA GeForce RTX 3090,ampere,ga102,tensor_mma_f16acc,baseline_nop,64,512.0,power_trace_fallback,generic_nop_baseline,False,False,True,True,True,True,False,False,False,missing NCU validation row,missing NCU validation row,True,True,True,158.02707191477623,100.0,0.2510682186976293,29.85215633648201,0.0,power_trace_integral,power_trace_integral,21,6,rerun with tensor_baseline_u32; baseline_nop is only a weak loop baseline for Tensor Core separation,NVML energy counter was unavailable; using power trace fallback,,,,,,,,,,,,,,,,
pair,thread_sweep_tensor_mma_f16acc_t064,9,NVIDIA GeForce RTX 3090,ampere,ga102,tensor_mma_f16acc,baseline_nop,64,512.0,power_trace_fallback,generic_nop_baseline,False,False,True,True,True,True,False,False,False,missing NCU validation row,missing NCU validation row,True,True,True,158.14507835513137,100.0,0.24173535986382838,28.402512958319875,0.0,power_trace_integral,power_trace_integral,21,6,rerun with tensor_baseline_u32; baseline_nop is only a weak loop baseline for Tensor Core separation,NVML energy counter was unavailable; using power trace fallback,,,,,,,,,,,,,,,,
pair,thread_sweep_tensor_mma_f16acc_t096,0,NVIDIA GeForce RTX 3090,ampere,ga102,tensor_mma_f16acc,baseline_nop,96,768.0,power_trace_fallback,generic_nop_baseline,False,False,True,True,True,True,False,False,False,missing NCU validation row,missing NCU validation row,True,True,True,162.24075897116583,99.66666666666667,0.21633305690429705,25.23110945162844,0.0,power_trace_integral,power_trace_integral,25,7,rerun with tensor_baseline_u32; baseline_nop is only a weak loop baseline for Tensor Core separation,NVML energy counter was unavailable; using power trace fallback,,,,,,,,,,,,,,,,
pair,thread_sweep_tensor_mma_f16acc_t096,1,NVIDIA GeForce RTX 3090,ampere,ga102,tensor_mma_f16acc,baseline_nop,96,768.0,power_trace_fallback,generic_nop_baseline,False,False,False,False,False,True,False,False,False,missing NCU validation row,missing NCU validation row,True,True,True,157.44102991792874,99.75,-0.3520768722675061,26.14524738641731,0.0,power_trace_integral,power_trace_integral,25,7,nonpositive incremental power/energy; expected or invalid L2/global traffic; not a pure FP16 candidate; rerun with tensor_baseline_u32; baseline_nop is only a weak loop baseline for Tensor Core separation,NVML energy counter was unavailable; using power trace fallback,,,,,,,,,,,,,,,,
pair,thread_sweep_tensor_mma_f16acc_t096,2,NVIDIA GeForce RTX 3090,ampere,ga102,tensor_mma_f16acc,baseline_nop,96,768.0,power_trace_fallback,generic_nop_baseline,False,False,True,True,True,True,False,False,False,missing NCU validation row,missing NCU validation row,True,True,True,160.26727871840356,99.66666666666667,0.2094912830440693,23.780551064205156,0.0,power_trace_integral,power_trace_integral,24,7,rerun with tensor_baseline_u32; baseline_nop is only a weak loop baseline for Tensor Core separation,NVML energy counter was unavailable; using power trace fallback,,,,,,,,,,,,,,,,
pair,thread_sweep_tensor_mma_f16acc_t096,3,NVIDIA GeForce RTX 3090,ampere,ga102,tensor_mma_f16acc,baseline_nop,96,768.0,power_trace_fallback,generic_nop_baseline,False,False,True,True,True,True,False,False,False,missing NCU validation row,missing NCU validation row,True,True,True,160.26752182413264,99.66666666666667,0.2108356352765756,24.083824524996714,0.0,power_trace_integral,power_trace_integral,25,7,rerun with tensor_baseline_u32; baseline_nop is only a weak loop baseline for Tensor Core separation,NVML energy counter was unavailable; using power trace fallback,,,,,,,,,,,,,,,,
pair,thread_sweep_tensor_mma_f16acc_t096,4,NVIDIA GeForce RTX 3090,ampere,ga102,tensor_mma_f16acc,baseline_nop,96,768.0,power_trace_fallback,generic_nop_baseline,False,False,True,True,True,True,False,False,False,missing NCU validation row,missing NCU validation row,True,True,True,160.24408981044218,100.0,0.23426510262455771,27.771284672953698,0.0,power_trace_integral,power_trace_integral,25,7,rerun with tensor_baseline_u32; baseline_nop is only a weak loop baseline for Tensor Core separation,NVML energy counter was unavailable; using power trace fallback,,,,,,,,,,,,,,,,
pair,thread_sweep_tensor_mma_f16acc_t096,5,NVIDIA GeForce RTX 3090,ampere,ga102,tensor_mma_f16acc,baseline_nop,96,768.0,power_trace_fallback,generic_nop_baseline,False,False,True,True,True,True,False,False,False,missing NCU validation row,missing NCU validation row,True,True,True,159.85222060770076,100.0,0.2347252382324929,27.341200773132698,0.0,power_trace_integral,power_trace_integral,24,7,rerun with tensor_baseline_u32; baseline_nop is only a weak loop baseline for Tensor Core separation,NVML energy counter was unavailable; using power trace fallback,,,,,,,,,,,,,,,,
pair,thread_sweep_tensor_mma_f16acc_t096,6,NVIDIA GeForce RTX 3090,ampere,ga102,tensor_mma_f16acc,baseline_nop,96,768.0,mixed_or_unavailable,generic_nop_baseline,False,False,False,False,False,False,False,False,False,missing NCU validation row,missing NCU validation row,True,True,True,159.1108199201987,99.75,nan,nan,0.0,power_trace_integral,unavailable,24,0,nonpositive incremental power/energy; expected or invalid L2/global traffic; not a pure FP16 candidate; test/baseline energy source mismatch; test/baseline energy sources differ; rerun with tensor_baseline_u32; baseline_nop is only a weak loop baseline for Tensor Core separation,,,,,,,,,,,,,,,,,
pair,thread_sweep_tensor_mma_f16acc_t096,7,NVIDIA GeForce RTX 3090,ampere,ga102,tensor_mma_f16acc,baseline_nop,96,768.0,power_trace_fallback,generic_nop_baseline,False,False,True,True,True,True,False,False,False,missing NCU validation row,missing NCU validation row,True,True,True,158.68087899633613,100.0,0.2220328239634408,25.298525149098708,0.0,power_trace_integral,power_trace_integral,25,7,rerun with tensor_baseline_u32; baseline_nop is only a weak loop baseline for Tensor Core separation,NVML energy counter was unavailable; using power trace fallback,,,,,,,,,,,,,,,,
pair,thread_sweep_tensor_mma_f16acc_t096,8,NVIDIA GeForce RTX 3090,ampere,ga102,tensor_mma_f16acc,baseline_nop,96,768.0,power_trace_fallback,generic_nop_baseline,False,False,True,True,True,True,False,False,False,missing NCU validation row,missing NCU validation row,True,True,True,159.3439057908475,99.75,0.20801063048008467,23.333772160135652,0.0,power_trace_integral,power_trace_integral,25,8,rerun with tensor_baseline_u32; baseline_nop is only a weak loop baseline for Tensor Core separation,NVML energy counter was unavailable; using power trace fallback,,,,,,,,,,,,,,,,
pair,thread_sweep_tensor_mma_f16acc_t096,9,NVIDIA GeForce RTX 3090,ampere,ga102,tensor_mma_f16acc,baseline_nop,96,768.0,mixed_or_unavailable,generic_nop_baseline,False,False,False,False,False,False,False,False,False,missing NCU validation row,missing NCU validation row,True,True,True,159.40734944969472,100.0,nan,nan,0.0,power_trace_integral,unavailable,24,0,nonpositive incremental power/energy; expected or invalid L2/global traffic; not a pure FP16 candidate; test/baseline energy source mismatch; test/baseline energy sources differ; rerun with tensor_baseline_u32; baseline_nop is only a weak loop baseline for Tensor Core separation,,,,,,,,,,,,,,,,,
pair,thread_sweep_tensor_mma_f16acc_t128,0,NVIDIA GeForce RTX 3090,ampere,ga102,tensor_mma_f16acc,baseline_nop,128,1024.0,power_trace_fallback,generic_nop_baseline,False,False,True,True,True,True,False,False,False,missing NCU validation row,missing NCU validation row,True,True,True,162.83031576546315,100.0,0.2301216635015053,27.34281732256244,0.0,power_trace_integral,power_trace_integral,25,5,rerun with tensor_baseline_u32; baseline_nop is only a weak loop baseline for Tensor Core separation,NVML energy counter was unavailable; using power trace fallback,,,,,,,,,,,,,,,,
pair,thread_sweep_tensor_mma_f16acc_t128,1,NVIDIA GeForce RTX 3090,ampere,ga102,tensor_mma_f16acc,baseline_nop,128,1024.0,power_trace_fallback,generic_nop_baseline,False,False,True,True,True,True,False,False,False,missing NCU validation row,missing NCU validation row,True,True,True,156.93384179251535,100.0,0.24809401332854933,29.367482323637347,0.0,power_trace_integral,power_trace_integral,25,5,rerun with tensor_baseline_u32; baseline_nop is only a weak loop baseline for Tensor Core separation,NVML energy counter was unavailable; using power trace fallback,,,,,,,,,,,,,,,,
pair,thread_sweep_tensor_mma_f16acc_t128,2,NVIDIA GeForce RTX 3090,ampere,ga102,tensor_mma_f16acc,baseline_nop,128,1024.0,power_trace_fallback,generic_nop_baseline,False,False,True,True,True,True,False,False,False,missing NCU validation row,missing NCU validation row,True,True,True,155.7242062458187,100.0,0.2028339479523488,21.913498238490092,0.0,power_trace_integral,power_trace_integral,25,5,rerun with tensor_baseline_u32; baseline_nop is only a weak loop baseline for Tensor Core separation,NVML energy counter was unavailable; using power trace fallback,,,,,,,,,,,,,,,,
pair,thread_sweep_tensor_mma_f16acc_t128,3,NVIDIA GeForce RTX 3090,ampere,ga102,tensor_mma_f16acc,baseline_nop,128,1024.0,power_trace_fallback,generic_nop_baseline,False,False,True,True,True,True,False,False,False,missing NCU validation row,missing NCU validation row,True,True,True,160.29189692941662,100.0,0.22544762482766093,26.52848748838852,0.0,power_trace_integral,power_trace_integral,24,5,rerun with tensor_baseline_u32; baseline_nop is only a weak loop baseline for Tensor Core separation,NVML energy counter was unavailable; using power trace fallback,,,,,,,,,,,,,,,,
pair,thread_sweep_tensor_mma_f16acc_t128,4,NVIDIA GeForce RTX 3090,ampere,ga102,tensor_mma_f16acc,baseline_nop,128,1024.0,power_trace_fallback,generic_nop_baseline,False,False,True,True,True,True,False,False,False,missing NCU validation row,missing NCU validation row,True,True,True,160.31169424069597,100.0,0.24472088930019972,29.4543004690496,0.0,power_trace_integral,power_trace_integral,25,5,rerun with tensor_baseline_u32; baseline_nop is only a weak loop baseline for Tensor Core separation,NVML energy counter was unavailable; using power trace fallback,,,,,,,,,,,,,,,,
pair,thread_sweep_tensor_mma_f16acc_t128,5,NVIDIA GeForce RTX 3090,ampere,ga102,tensor_mma_f16acc,baseline_nop,128,1024.0,power_trace_fallback,generic_nop_baseline,False,False,True,True,True,True,False,False,False,missing NCU validation row,missing NCU validation row,True,True,True,160.1131887364454,100.0,0.21643824822320806,24.170690994760605,0.0,power_trace_integral,power_trace_integral,24,5,rerun with tensor_baseline_u32; baseline_nop is only a weak loop baseline for Tensor Core separation,NVML energy counter was unavailable; using power trace fallback,,,,,,,,,,,,,,,,
pair,thread_sweep_tensor_mma_f16acc_t128,6,NVIDIA GeForce RTX 3090,ampere,ga102,tensor_mma_f16acc,baseline_nop,128,1024.0,power_trace_fallback,generic_nop_baseline,False,False,True,True,True,True,False,False,False,missing NCU validation row,missing NCU validation row,True,True,True,158.57804059539674,100.0,0.24563809727850175,29.1112513274731,0.0,power_trace_integral,power_trace_integral,25,5,rerun with tensor_baseline_u32; baseline_nop is only a weak loop baseline for Tensor Core separation,NVML energy counter was unavailable; using power trace fallback,,,,,,,,,,,,,,,,
pair,thread_sweep_tensor_mma_f16acc_t128,7,NVIDIA GeForce RTX 3090,ampere,ga102,tensor_mma_f16acc,baseline_nop,128,1024.0,power_trace_fallback,generic_nop_baseline,False,False,True,True,True,True,False,False,False,missing NCU validation row,missing NCU validation row,True,True,True,158.64530630969315,100.0,0.2521105245070619,30.44849394301545,0.0,power_trace_integral,power_trace_integral,25,5,rerun with tensor_baseline_u32; baseline_nop is only a weak loop baseline for Tensor Core separation,NVML energy counter was unavailable; using power trace fallback,,,,,,,,,,,,,,,,
pair,thread_sweep_tensor_mma_f16acc_t128,8,NVIDIA GeForce RTX 3090,ampere,ga102,tensor_mma_f16acc,baseline_nop,128,1024.0,power_trace_fallback,generic_nop_baseline,False,False,True,True,True,True,False,False,False,missing NCU validation row,missing NCU validation row,True,True,True,159.4651032731274,100.0,0.23840130694202868,28.115147808459966,0.0,power_trace_integral,power_trace_integral,25,5,rerun with tensor_baseline_u32; baseline_nop is only a weak loop baseline for Tensor Core separation,NVML energy counter was unavailable; using power trace fallback,,,,,,,,,,,,,,,,
pair,thread_sweep_tensor_mma_f16acc_t128,9,NVIDIA GeForce RTX 3090,ampere,ga102,tensor_mma_f16acc,baseline_nop,128,1024.0,power_trace_fallback,generic_nop_baseline,False,False,True,True,True,True,False,False,False,missing NCU validation row,missing NCU validation row,True,True,True,158.52026146984926,100.0,0.20159891207975802,21.9877266910442,0.0,power_trace_integral,power_trace_integral,25,5,rerun with tensor_baseline_u32; baseline_nop is only a weak loop baseline for Tensor Core separation,NVML energy counter was unavailable; using power trace fallback,,,,,,,,,,,,,,,,
pair,thread_sweep_tensor_mma_f16acc_t160,0,NVIDIA GeForce RTX 3090,ampere,ga102,tensor_mma_f16acc,baseline_nop,160,1280.0,power_trace_fallback,generic_nop_baseline,False,False,False,False,False,True,False,False,False,missing NCU validation row,missing NCU validation row,True,True,True,161.6383125196247,100.0,-0.44318246145969425,31.264136604342696,0.0,power_trace_integral,power_trace_integral,13,4,nonpositive incremental power/energy; expected or invalid L2/global traffic; not a pure FP16 candidate; rerun with tensor_baseline_u32; baseline_nop is only a weak loop baseline for Tensor Core separation,NVML energy counter was unavailable; using power trace fallback,,,,,,,,,,,,,,,,
pair,thread_sweep_tensor_mma_f16acc_t160,1,NVIDIA GeForce RTX 3090,ampere,ga102,tensor_mma_f16acc,baseline_nop,160,1280.0,power_trace_fallback,generic_nop_baseline,False,False,True,True,True,True,False,False,False,missing NCU validation row,missing NCU validation row,True,True,True,160.39304098318578,99.66666666666667,0.2363581920514924,28.209650847412036,0.0,power_trace_integral,power_trace_integral,21,5,rerun with tensor_baseline_u32; baseline_nop is only a weak loop baseline for Tensor Core separation,NVML energy counter was unavailable; using power trace fallback,,,,,,,,,,,,,,,,
pair,thread_sweep_tensor_mma_f16acc_t160,2,NVIDIA GeForce RTX 3090,ampere,ga102,tensor_mma_f16acc,baseline_nop,160,1280.0,power_trace_fallback,generic_nop_baseline,False,False,True,True,True,True,False,False,False,missing NCU validation row,missing NCU validation row,True,True,True,160.00768640260702,99.66666666666667,0.1431860116649846,13.430704030098298,0.0,power_trace_integral,power_trace_integral,20,5,rerun with tensor_baseline_u32; baseline_nop is only a weak loop baseline for Tensor Core separation,NVML energy counter was unavailable; using power trace fallback,,,,,,,,,,,,,,,,
pair,thread_sweep_tensor_mma_f16acc_t160,3,NVIDIA GeForce RTX 3090,ampere,ga102,tensor_mma_f16acc,baseline_nop,160,1280.0,power_trace_fallback,generic_nop_baseline,False,False,True,True,True,True,False,False,False,missing NCU validation row,missing NCU validation row,True,True,True,160.3812668078549,100.0,0.24980516577226258,30.252538840726288,0.0,power_trace_integral,power_trace_integral,20,4,rerun with tensor_baseline_u32; baseline_nop is only a weak loop baseline for Tensor Core separation,NVML energy counter was unavailable; using power trace fallback,,,,,,,,,,,,,,,,
pair,thread_sweep_tensor_mma_f16acc_t160,4,NVIDIA GeForce RTX 3090,ampere,ga102,tensor_mma_f16acc,baseline_nop,160,1280.0,power_trace_fallback,generic_nop_baseline,False,False,True,True,True,True,False,False,False,missing NCU validation row,missing NCU validation row,True,True,True,160.3822016667541,100.0,0.2266307558043619,26.481294593525178,0.0,power_trace_integral,power_trace_integral,20,4,rerun with tensor_baseline_u32; baseline_nop is only a weak loop baseline for Tensor Core separation,NVML energy counter was unavailable; using power trace fallback,,,,,,,,,,,,,,,,
pair,thread_sweep_tensor_mma_f16acc_t160,5,NVIDIA GeForce RTX 3090,ampere,ga102,tensor_mma_f16acc,baseline_nop,160,1280.0,power_trace_fallback,generic_nop_baseline,False,False,True,True,True,True,False,False,False,missing NCU validation row,missing NCU validation row,True,True,True,160.23357923028885,100.0,0.23523906572913658,28.19768728479474,0.0,power_trace_integral,power_trace_integral,30,4,rerun with tensor_baseline_u32; baseline_nop is only a weak loop baseline for Tensor Core separation,NVML energy counter was unavailable; using power trace fallback,,,,,,,,,,,,,,,,
pair,thread_sweep_tensor_mma_f16acc_t160,6,NVIDIA GeForce RTX 3090,ampere,ga102,tensor_mma_f16acc,baseline_nop,160,1280.0,power_trace_fallback,generic_nop_baseline,False,False,True,True,True,True,False,False,False,missing NCU validation row,missing NCU validation row,True,True,True,158.5326631229898,100.0,0.23801209505639168,27.828156778815554,0.0,power_trace_integral,power_trace_integral,21,4,rerun with tensor_baseline_u32; baseline_nop is only a weak loop baseline for Tensor Core separation,NVML energy counter was unavailable; using power trace fallback,,,,,,,,,,,,,,,,
pair,thread_sweep_tensor_mma_f16acc_t160,7,NVIDIA GeForce RTX 3090,ampere,ga102,tensor_mma_f16acc,baseline_nop,160,1280.0,power_trace_fallback,generic_nop_baseline,False,False,True,True,True,True,False,False,False,missing NCU validation row,missing NCU validation row,True,True,True,160.1311022952633,99.66666666666667,0.2756649347556995,33.03373378807228,0.0,power_trace_integral,power_trace_integral,21,5,rerun with tensor_baseline_u32; baseline_nop is only a weak loop baseline for Tensor Core separation,NVML energy counter was unavailable; using power trace fallback,,,,,,,,,,,,,,,,
pair,thread_sweep_tensor_mma_f16acc_t160,8,NVIDIA GeForce RTX 3090,ampere,ga102,tensor_mma_f16acc,baseline_nop,160,1280.0,power_trace_fallback,generic_nop_baseline,False,False,True,True,True,True,False,False,False,missing NCU validation row,missing NCU validation row,True,True,True,159.30432177685887,100.0,0.26421551778559593,32.15752291127001,0.0,power_trace_integral,power_trace_integral,28,5,rerun with tensor_baseline_u32; baseline_nop is only a weak loop baseline for Tensor Core separation,NVML energy counter was unavailable; using power trace fallback,,,,,,,,,,,,,,,,
pair,thread_sweep_tensor_mma_f16acc_t160,9,NVIDIA GeForce RTX 3090,ampere,ga102,tensor_mma_f16acc,baseline_nop,160,1280.0,power_trace_fallback,generic_nop_baseline,False,False,True,True,True,True,False,False,False,missing NCU validation row,missing NCU validation row,True,True,True,158.07057825933344,99.66666666666667,0.3109180387093928,38.867133963297675,0.0,power_trace_integral,power_trace_integral,21,5,rerun with tensor_baseline_u32; baseline_nop is only a weak loop baseline for Tensor Core separation,NVML energy counter was unavailable; using power trace fallback,,,,,,,,,,,,,,,,
pair,thread_sweep_tensor_mma_f16acc_t192,0,NVIDIA GeForce RTX 3090,ampere,ga102,tensor_mma_f16acc,baseline_nop,192,1536.0,power_trace_fallback,generic_nop_baseline,False,False,True,True,True,True,False,False,False,missing NCU validation row,missing NCU validation row,True,True,True,161.67571525484405,100.0,0.14874100805369844,17.176028927719926,0.0,power_trace_integral,power_trace_integral,25,6,rerun with tensor_baseline_u32; baseline_nop is only a weak loop baseline for Tensor Core separation,NVML energy counter was unavailable; using power trace fallback,,,,,,,,,,,,,,,,
pair,thread_sweep_tensor_mma_f16acc_t192,1,NVIDIA GeForce RTX 3090,ampere,ga102,tensor_mma_f16acc,baseline_nop,192,1536.0,power_trace_fallback,generic_nop_baseline,False,False,True,True,True,True,False,False,False,missing NCU validation row,missing NCU validation row,True,True,True,160.43435678581918,100.0,0.15669633090293394,15.435063681949657,0.0,power_trace_integral,power_trace_integral,25,6,rerun with tensor_baseline_u32; baseline_nop is only a weak loop baseline for Tensor Core separation,NVML energy counter was unavailable; using power trace fallback,,,,,,,,,,,,,,,,
pair,thread_sweep_tensor_mma_f16acc_t192,2,NVIDIA GeForce RTX 3090,ampere,ga102,tensor_mma_f16acc,baseline_nop,192,1536.0,power_trace_fallback,generic_nop_baseline,False,False,True,True,True,True,False,False,False,missing NCU validation row,missing NCU validation row,True,True,True,159.8451226859102,100.0,0.12443869455511537,9.717234110108848,0.0,power_trace_integral,power_trace_integral,25,7,rerun with tensor_baseline_u32; baseline_nop is only a weak loop baseline for Tensor Core separation,NVML energy counter was unavailable; using power trace fallback,,,,,,,,,,,,,,,,
pair,thread_sweep_tensor_mma_f16acc_t192,3,NVIDIA GeForce RTX 3090,ampere,ga102,tensor_mma_f16acc,baseline_nop,192,1536.0,power_trace_fallback,generic_nop_baseline,False,False,True,True,True,True,False,False,False,missing NCU validation row,missing NCU validation row,True,True,True,160.41116821625366,100.0,0.1817688590287729,19.311847466635157,0.0,power_trace_integral,power_trace_integral,28,7,rerun with tensor_baseline_u32; baseline_nop is only a weak loop baseline for Tensor Core separation,NVML energy counter was unavailable; using power trace fallback,,,,,,,,,,,,,,,,
pair,thread_sweep_tensor_mma_f16acc_t192,4,NVIDIA GeForce RTX 3090,ampere,ga102,tensor_mma_f16acc,baseline_nop,192,1536.0,power_trace_fallback,generic_nop_baseline,False,False,True,True,True,True,False,False,False,missing NCU validation row,missing NCU validation row,True,True,True,160.41310440018947,100.0,0.13448595015056397,11.704741213139926,0.0,power_trace_integral,power_trace_integral,24,7,rerun with tensor_baseline_u32; baseline_nop is only a weak loop baseline for Tensor Core separation,NVML energy counter was unavailable; using power trace fallback,,,,,,,,,,,,,,,,
pair,thread_sweep_tensor_mma_f16acc_t192,5,NVIDIA GeForce RTX 3090,ampere,ga102,tensor_mma_f16acc,baseline_nop,192,1536.0,power_trace_fallback,generic_nop_baseline,False,False,True,True,True,True,False,False,False,missing NCU validation row,missing NCU validation row,True,True,True,160.2331175254133,100.0,0.1458904675095573,13.533109145135398,0.0,power_trace_integral,power_trace_integral,25,7,rerun with tensor_baseline_u32; baseline_nop is only a weak loop baseline for Tensor Core separation,NVML energy counter was unavailable; using power trace fallback,,,,,,,,,,,,,,,,
pair,thread_sweep_tensor_mma_f16acc_t192,6,NVIDIA GeForce RTX 3090,ampere,ga102,tensor_mma_f16acc,baseline_nop,192,1536.0,power_trace_fallback,generic_nop_baseline,False,False,False,False,False,True,False,False,False,missing NCU validation row,missing NCU validation row,True,True,True,160.2804804331709,100.0,-0.4586670919892246,11.295109238618977,0.0,power_trace_integral,power_trace_integral,24,7,nonpositive incremental power/energy; expected or invalid L2/global traffic; not a pure FP16 candidate; rerun with tensor_baseline_u32; baseline_nop is only a weak loop baseline for Tensor Core separation,NVML energy counter was unavailable; using power trace fallback,,,,,,,,,,,,,,,,
pair,thread_sweep_tensor_mma_f16acc_t192,7,NVIDIA GeForce RTX 3090,ampere,ga102,tensor_mma_f16acc,baseline_nop,192,1536.0,power_trace_fallback,generic_nop_baseline,False,False,True,True,True,True,False,False,False,missing NCU validation row,missing NCU validation row,True,True,True,158.0223189233731,100.0,0.15206856664358057,13.921178003519998,0.0,power_trace_integral,power_trace_integral,25,6,rerun with tensor_baseline_u32; baseline_nop is only a weak loop baseline for Tensor Core separation,NVML energy counter was unavailable; using power trace fallback,,,,,,,,,,,,,,,,
pair,thread_sweep_tensor_mma_f16acc_t192,8,NVIDIA GeForce RTX 3090,ampere,ga102,tensor_mma_f16acc,baseline_nop,192,1536.0,power_trace_fallback,generic_nop_baseline,False,False,True,True,True,True,False,False,False,missing NCU validation row,missing NCU validation row,True,True,True,159.14891500648082,100.0,0.14173395645692402,12.59765411545095,0.0,power_trace_integral,power_trace_integral,24,6,rerun with tensor_baseline_u32; baseline_nop is only a weak loop baseline for Tensor Core separation,NVML energy counter was unavailable; using power trace fallback,,,,,,,,,,,,,,,,
pair,thread_sweep_tensor_mma_f16acc_t192,9,NVIDIA GeForce RTX 3090,ampere,ga102,tensor_mma_f16acc,baseline_nop,192,1536.0,power_trace_fallback,generic_nop_baseline,False,False,False,False,False,True,False,False,False,missing NCU validation row,missing NCU validation row,True,True,True,159.3394721528393,100.0,-0.4992833275030778,7.6577713082103,0.0,power_trace_integral,power_trace_integral,25,7,nonpositive incremental power/energy; expected or invalid L2/global traffic; not a pure FP16 candidate; rerun with tensor_baseline_u32; baseline_nop is only a weak loop baseline for Tensor Core separation,NVML energy counter was unavailable; using power trace fallback,,,,,,,,,,,,,,,,
pair,thread_sweep_tensor_mma_f16acc_t224,0,NVIDIA GeForce RTX 3090,ampere,ga102,tensor_mma_f16acc,baseline_nop,224,1792.0,power_trace_fallback,generic_nop_baseline,False,False,True,True,True,True,False,False,False,missing NCU validation row,missing NCU validation row,True,True,True,161.68284414017765,100.0,0.10184289838489306,6.936125883898626,0.0,power_trace_integral,power_trace_integral,28,8,rerun with tensor_baseline_u32; baseline_nop is only a weak loop baseline for Tensor Core separation,NVML energy counter was unavailable; using power trace fallback,,,,,,,,,,,,,,,,
pair,thread_sweep_tensor_mma_f16acc_t224,1,NVIDIA GeForce RTX 3090,ampere,ga102,tensor_mma_f16acc,baseline_nop,224,1792.0,power_trace_fallback,generic_nop_baseline,False,False,True,True,True,True,False,False,False,missing NCU validation row,missing NCU validation row,True,True,True,160.33821876534404,100.0,0.08266039616290664,3.4716962160187848,0.0,power_trace_integral,power_trace_integral,28,8,rerun with tensor_baseline_u32; baseline_nop is only a weak loop baseline for Tensor Core separation,NVML energy counter was unavailable; using power trace fallback,,,,,,,,,,,,,,,,
pair,thread_sweep_tensor_mma_f16acc_t224,2,NVIDIA GeForce RTX 3090,ampere,ga102,tensor_mma_f16acc,baseline_nop,224,1792.0,power_trace_fallback,generic_nop_baseline,False,False,True,True,True,True,False,False,False,missing NCU validation row,missing NCU validation row,True,True,True,159.9608114929382,100.0,0.06696235770963636,0.5282245116678723,0.0,power_trace_integral,power_trace_integral,29,8,rerun with tensor_baseline_u32; baseline_nop is only a weak loop baseline for Tensor Core separation,NVML energy counter was unavailable; using power trace fallback,,,,,,,,,,,,,,,,
pair,thread_sweep_tensor_mma_f16acc_t224,3,NVIDIA GeForce RTX 3090,ampere,ga102,tensor_mma_f16acc,baseline_nop,224,1792.0,power_trace_fallback,generic_nop_baseline,False,False,False,False,False,True,False,False,False,missing NCU validation row,missing NCU validation row,True,True,True,160.44566816928398,99.75,0.060495748325314146,-0.18548959755372607,0.0,power_trace_integral,power_trace_integral,29,8,nonpositive incremental power/energy; expected or invalid L2/global traffic; not a pure FP16 candidate; rerun with tensor_baseline_u32; baseline_nop is only a weak loop baseline for Tensor Core separation,NVML energy counter was unavailable; using power trace fallback,,,,,,,,,,,,,,,,
pair,thread_sweep_tensor_mma_f16acc_t224,4,NVIDIA GeForce RTX 3090,ampere,ga102,tensor_mma_f16acc,baseline_nop,224,1792.0,power_trace_fallback,generic_nop_baseline,False,False,False,False,False,True,False,False,False,missing NCU validation row,missing NCU validation row,True,True,True,160.45109819970932,100.0,-0.40758315429002623,6.519955871467545,0.0,power_trace_integral,power_trace_integral,29,8,nonpositive incremental power/energy; expected or invalid L2/global traffic; not a pure FP16 candidate; rerun with tensor_baseline_u32; baseline_nop is only a weak loop baseline for Tensor Core separation,NVML energy counter was unavailable; using power trace fallback,,,,,,,,,,,,,,,,
pair,thread_sweep_tensor_mma_f16acc_t224,5,NVIDIA GeForce RTX 3090,ampere,ga102,tensor_mma_f16acc,baseline_nop,224,1792.0,power_trace_fallback,generic_nop_baseline,False,False,True,True,True,True,False,False,False,missing NCU validation row,missing NCU validation row,True,True,True,160.29334907560576,100.0,0.07125350628805353,1.4831865130727806,0.0,power_trace_integral,power_trace_integral,29,8,rerun with tensor_baseline_u32; baseline_nop is only a weak loop baseline for Tensor Core separation,NVML energy counter was unavailable; using power trace fallback,,,,,,,,,,,,,,,,
pair,thread_sweep_tensor_mma_f16acc_t224,6,NVIDIA GeForce RTX 3090,ampere,ga102,tensor_mma_f16acc,baseline_nop,224,1792.0,power_trace_fallback,generic_nop_baseline,False,False,True,True,True,True,False,False,False,missing NCU validation row,missing NCU validation row,True,True,True,157.55062570712363,100.0,0.0867944852699285,3.7370217526751333,0.0,power_trace_integral,power_trace_integral,29,8,rerun with tensor_baseline_u32; baseline_nop is only a weak loop baseline for Tensor Core separation,NVML energy counter was unavailable; using power trace fallback,,,,,,,,,,,,,,,,
pair,thread_sweep_tensor_mma_f16acc_t224,7,NVIDIA GeForce RTX 3090,ampere,ga102,tensor_mma_f16acc,baseline_nop,224,1792.0,power_trace_fallback,generic_nop_baseline,False,False,False,False,False,True,False,False,False,missing NCU validation row,missing NCU validation row,True,True,True,158.3464899275781,100.0,-0.47290063934095994,-2.0150542428696383,0.0,power_trace_integral,power_trace_integral,26,8,nonpositive incremental power/energy; expected or invalid L2/global traffic; not a pure FP16 candidate; rerun with tensor_baseline_u32; baseline_nop is only a weak loop baseline for Tensor Core separation,NVML energy counter was unavailable; using power trace fallback,,,,,,,,,,,,,,,,
pair,thread_sweep_tensor_mma_f16acc_t224,8,NVIDIA GeForce RTX 3090,ampere,ga102,tensor_mma_f16acc,baseline_nop,224,1792.0,power_trace_fallback,generic_nop_baseline,False,False,False,False,False,True,False,False,False,missing NCU validation row,missing NCU validation row,True,True,True,158.2656955133138,100.0,0.04727732682793267,-2.4002803348163297,0.0,power_trace_integral,power_trace_integral,28,9,nonpositive incremental power/energy; expected or invalid L2/global traffic; not a pure FP16 candidate; rerun with tensor_baseline_u32; baseline_nop is only a weak loop baseline for Tensor Core separation,NVML energy counter was unavailable; using power trace fallback,,,,,,,,,,,,,,,,
pair,thread_sweep_tensor_mma_f16acc_t224,9,NVIDIA GeForce RTX 3090,ampere,ga102,tensor_mma_f16acc,baseline_nop,224,1792.0,power_trace_fallback,generic_nop_baseline,False,False,False,False,False,True,False,False,False,missing NCU validation row,missing NCU validation row,True,True,True,158.96901700698112,100.0,0.06638022776934953,-0.5617957664711355,0.0,power_trace_integral,power_trace_integral,29,9,nonpositive incremental power/energy; expected or invalid L2/global traffic; not a pure FP16 candidate; rerun with tensor_baseline_u32; baseline_nop is only a weak loop baseline for Tensor Core separation,NVML energy counter was unavailable; using power trace fallback,,,,,,,,,,,,,,,,
pair,thread_sweep_tensor_mma_f16acc_t256,0,NVIDIA GeForce RTX 3090,ampere,ga102,tensor_mma_f16acc,baseline_nop,256,2048.0,power_trace_fallback,generic_nop_baseline,False,False,False,False,False,True,False,False,False,missing NCU validation row,missing NCU validation row,True,True,True,161.84788888047763,100.0,0.004770168620745004,-6.940012632943024,0.0,power_trace_integral,power_trace_integral,32,8,nonpositive incremental power/energy; expected or invalid L2/global traffic; not a pure FP16 candidate; rerun with tensor_baseline_u32; baseline_nop is only a weak loop baseline for Tensor Core separation,NVML energy counter was unavailable; using power trace fallback,,,,,,,,,,,,,,,,
pair,thread_sweep_tensor_mma_f16acc_t256,1,NVIDIA GeForce RTX 3090,ampere,ga102,tensor_mma_f16acc,baseline_nop,256,2048.0,power_trace_fallback,generic_nop_baseline,False,False,False,False,False,True,False,False,False,missing NCU validation row,missing NCU validation row,True,True,True,160.5933496236727,100.0,0.006930318889226158,-8.70550404551227,0.0,power_trace_integral,power_trace_integral,33,8,nonpositive incremental power/energy; expected or invalid L2/global traffic; not a pure FP16 candidate; rerun with tensor_baseline_u32; baseline_nop is only a weak loop baseline for Tensor Core separation,NVML energy counter was unavailable; using power trace fallback,,,,,,,,,,,,,,,,
pair,thread_sweep_tensor_mma_f16acc_t256,2,NVIDIA GeForce RTX 3090,ampere,ga102,tensor_mma_f16acc,baseline_nop,256,2048.0,power_trace_fallback,generic_nop_baseline,False,False,False,False,False,True,False,False,False,missing NCU validation row,missing NCU validation row,True,True,True,160.51667916851667,100.0,-0.0036900162557254373,-8.16061710949117,0.0,power_trace_integral,power_trace_integral,32,8,nonpositive incremental power/energy; expected or invalid L2/global traffic; not a pure FP16 candidate; rerun with tensor_baseline_u32; baseline_nop is only a weak loop baseline for Tensor Core separation,NVML energy counter was unavailable; using power trace fallback,,,,,,,,,,,,,,,,
pair,thread_sweep_tensor_mma_f16acc_t256,3,NVIDIA GeForce RTX 3090,ampere,ga102,tensor_mma_f16acc,baseline_nop,256,2048.0,power_trace_fallback,generic_nop_baseline,False,False,False,False,False,True,False,False,False,missing NCU validation row,missing NCU validation row,True,True,True,160.563185060977,100.0,0.024718723043739444,-5.945531950228258,0.0,power_trace_integral,power_trace_integral,33,8,nonpositive incremental power/energy; expected or invalid L2/global traffic; not a pure FP16 candidate; rerun with tensor_baseline_u32; baseline_nop is only a weak loop baseline for Tensor Core separation,NVML energy counter was unavailable; using power trace fallback,,,,,,,,,,,,,,,,
pair,thread_sweep_tensor_mma_f16acc_t256,4,NVIDIA GeForce RTX 3090,ampere,ga102,tensor_mma_f16acc,baseline_nop,256,2048.0,power_trace_fallback,generic_nop_baseline,False,False,False,False,False,True,False,False,False,missing NCU validation row,missing NCU validation row,True,True,True,156.98231780213274,100.0,0.007682778562990594,-8.71602407048968,0.0,power_trace_integral,power_trace_integral,34,8,nonpositive incremental power/energy; expected or invalid L2/global traffic; not a pure FP16 candidate; rerun with tensor_baseline_u32; baseline_nop is only a weak loop baseline for Tensor Core separation,NVML energy counter was unavailable; using power trace fallback,,,,,,,,,,,,,,,,
pair,thread_sweep_tensor_mma_f16acc_t256,5,NVIDIA GeForce RTX 3090,ampere,ga102,tensor_mma_f16acc,baseline_nop,256,2048.0,power_trace_fallback,generic_nop_baseline,False,False,False,False,False,True,False,False,False,missing NCU validation row,missing NCU validation row,True,True,True,158.4250838277698,100.0,-0.41185981883523565,-4.543414215146299,0.0,power_trace_integral,power_trace_integral,33,8,nonpositive incremental power/energy; expected or invalid L2/global traffic; not a pure FP16 candidate; rerun with tensor_baseline_u32; baseline_nop is only a weak loop baseline for Tensor Core separation,NVML energy counter was unavailable; using power trace fallback,,,,,,,,,,,,,,,,
pair,thread_sweep_tensor_mma_f16acc_t256,6,NVIDIA GeForce RTX 3090,ampere,ga102,tensor_mma_f16acc,baseline_nop,256,2048.0,power_trace_fallback,generic_nop_baseline,False,False,False,False,False,True,False,False,False,missing NCU validation row,missing NCU validation row,True,True,True,159.43129518699067,100.0,0.02760288592804832,-5.565003677387523,0.0,power_trace_integral,power_trace_integral,33,8,nonpositive incremental power/energy; expected or invalid L2/global traffic; not a pure FP16 candidate; rerun with tensor_baseline_u32; baseline_nop is only a weak loop baseline for Tensor Core separation,NVML energy counter was unavailable; using power trace fallback,,,,,,,,,,,,,,,,
pair,thread_sweep_tensor_mma_f16acc_t256,7,NVIDIA GeForce RTX 3090,ampere,ga102,tensor_mma_f16acc,baseline_nop,256,2048.0,power_trace_fallback,generic_nop_baseline,False,False,False,False,False,True,False,False,False,missing NCU validation row,missing NCU validation row,True,True,True,159.3721174379064,100.0,0.0022290551139065072,-9.668996339693734,0.0,power_trace_integral,power_trace_integral,33,8,nonpositive incremental power/energy; expected or invalid L2/global traffic; not a pure FP16 candidate; rerun with tensor_baseline_u32; baseline_nop is only a weak loop baseline for Tensor Core separation,NVML energy counter was unavailable; using power trace fallback,,,,,,,,,,,,,,,,
pair,thread_sweep_tensor_mma_f16acc_t256,8,NVIDIA GeForce RTX 3090,ampere,ga102,tensor_mma_f16acc,baseline_nop,256,2048.0,power_trace_fallback,generic_nop_baseline,False,False,False,False,False,True,False,False,False,missing NCU validation row,missing NCU validation row,True,True,True,157.89899716708504,100.0,-0.46118849799311,-11.657933910242264,0.0,power_trace_integral,power_trace_integral,33,8,nonpositive incremental power/energy; expected or invalid L2/global traffic; not a pure FP16 candidate; rerun with tensor_baseline_u32; baseline_nop is only a weak loop baseline for Tensor Core separation,NVML energy counter was unavailable; using power trace fallback,,,,,,,,,,,,,,,,
pair,thread_sweep_tensor_mma_f16acc_t256,9,NVIDIA GeForce RTX 3090,ampere,ga102,tensor_mma_f16acc,baseline_nop,256,2048.0,power_trace_fallback,generic_nop_baseline,False,False,False,False,False,True,False,False,False,missing NCU validation row,missing NCU validation row,True,True,True,159.3114702381706,100.0,0.02823421471048233,-5.949708901973025,0.0,power_trace_integral,power_trace_integral,33,8,nonpositive incremental power/energy; expected or invalid L2/global traffic; not a pure FP16 candidate; rerun with tensor_baseline_u32; baseline_nop is only a weak loop baseline for Tensor Core separation,NVML energy counter was unavailable; using power trace fallback,,,,,,,,,,,,,,,,
pair,thread_sweep_tensor_mma_f16acc_t288,0,NVIDIA GeForce RTX 3090,ampere,ga102,tensor_mma_f16acc,baseline_nop,288,2304.0,power_trace_fallback,generic_nop_baseline,False,False,False,False,False,True,False,False,False,missing NCU validation row,missing NCU validation row,True,True,True,160.5819918400468,100.0,-0.01014346793933415,-11.236070867099187,0.0,power_trace_integral,power_trace_integral,37,11,nonpositive incremental power/energy; expected or invalid L2/global traffic; not a pure FP16 candidate; rerun with tensor_baseline_u32; baseline_nop is only a weak loop baseline for Tensor Core separation,NVML energy counter was unavailable; using power trace fallback,,,,,,,,,,,,,,,,
pair,thread_sweep_tensor_mma_f16acc_t288,1,NVIDIA GeForce RTX 3090,ampere,ga102,tensor_mma_f16acc,baseline_nop,288,2304.0,power_trace_fallback,generic_nop_baseline,False,False,False,False,False,True,False,False,False,missing NCU validation row,missing NCU validation row,True,True,True,159.2557119656311,100.0,-0.03635869098519167,-15.52244240364746,0.0,power_trace_integral,power_trace_integral,38,11,nonpositive incremental power/energy; expected or invalid L2/global traffic; not a pure FP16 candidate; rerun with tensor_baseline_u32; baseline_nop is only a weak loop baseline for Tensor Core separation,NVML energy counter was unavailable; using power trace fallback,,,,,,,,,,,,,,,,
pair,thread_sweep_tensor_mma_f16acc_t288,2,NVIDIA GeForce RTX 3090,ampere,ga102,tensor_mma_f16acc,baseline_nop,288,2304.0,power_trace_fallback,generic_nop_baseline,False,False,False,False,False,True,False,False,False,missing NCU validation row,missing NCU validation row,True,True,True,159.3337492396807,100.0,-0.0024179512148960456,-13.026578152021017,0.0,power_trace_integral,power_trace_integral,37,11,nonpositive incremental power/energy; expected or invalid L2/global traffic; not a pure FP16 candidate; rerun with tensor_baseline_u32; baseline_nop is only a weak loop baseline for Tensor Core separation,NVML energy counter was unavailable; using power trace fallback,,,,,,,,,,,,,,,,
pair,thread_sweep_tensor_mma_f16acc_t288,3,NVIDIA GeForce RTX 3090,ampere,ga102,tensor_mma_f16acc,baseline_nop,288,2304.0,power_trace_fallback,generic_nop_baseline,False,False,False,False,False,True,False,False,False,missing NCU validation row,missing NCU validation row,True,True,True,160.55745930404834,100.0,-0.044918583923247934,-17.16874193210751,0.0,power_trace_integral,power_trace_integral,37,11,nonpositive incremental power/energy; expected or invalid L2/global traffic; not a pure FP16 candidate; rerun with tensor_baseline_u32; baseline_nop is only a weak loop baseline for Tensor Core separation,NVML energy counter was unavailable; using power trace fallback,,,,,,,,,,,,,,,,
pair,thread_sweep_tensor_mma_f16acc_t288,4,NVIDIA GeForce RTX 3090,ampere,ga102,tensor_mma_f16acc,baseline_nop,288,2304.0,power_trace_fallback,generic_nop_baseline,False,False,False,False,False,True,False,False,False,missing NCU validation row,missing NCU validation row,True,True,True,148.01223516836995,100.0,-0.040948326824136294,-15.775773641082168,0.0,power_trace_integral,power_trace_integral,40,11,nonpositive incremental power/energy; expected or invalid L2/global traffic; not a pure FP16 candidate; rerun with tensor_baseline_u32; baseline_nop is only a weak loop baseline for Tensor Core separation,NVML energy counter was unavailable; using power trace fallback,,,,,,,,,,,,,,,,
pair,thread_sweep_tensor_mma_f16acc_t288,5,NVIDIA GeForce RTX 3090,ampere,ga102,tensor_mma_f16acc,baseline_nop,288,2304.0,power_trace_fallback,generic_nop_baseline,False,False,False,False,False,True,False,False,False,missing NCU validation row,missing NCU validation row,True,True,True,147.80036637823403,100.0,0.004361852476845349,-9.113095238836905,0.0,power_trace_integral,power_trace_integral,40,11,nonpositive incremental power/energy; expected or invalid L2/global traffic; not a pure FP16 candidate; rerun with tensor_baseline_u32; baseline_nop is only a weak loop baseline for Tensor Core separation,NVML energy counter was unavailable; using power trace fallback,,,,,,,,,,,,,,,,
pair,thread_sweep_tensor_mma_f16acc_t288,6,NVIDIA GeForce RTX 3090,ampere,ga102,tensor_mma_f16acc,baseline_nop,288,2304.0,power_trace_fallback,generic_nop_baseline,False,False,False,False,False,True,False,False,False,missing NCU validation row,missing NCU validation row,True,True,True,137.2313911788837,100.0,-0.03391623208793644,-14.362625857658031,0.0,power_trace_integral,power_trace_integral,47,10,nonpositive incremental power/energy; expected or invalid L2/global traffic; not a pure FP16 candidate; rerun with tensor_baseline_u32; baseline_nop is only a weak loop baseline for Tensor Core separation,NVML energy counter was unavailable; using power trace fallback,,,,,,,,,,,,,,,,
pair,thread_sweep_tensor_mma_f16acc_t288,7,NVIDIA GeForce RTX 3090,ampere,ga102,tensor_mma_f16acc,baseline_nop,288,2304.0,power_trace_fallback,generic_nop_baseline,False,False,False,False,False,True,False,False,False,missing NCU validation row,missing NCU validation row,True,True,True,137.31287271778524,100.0,-0.10596027650851361,-24.315080714593734,0.0,power_trace_integral,power_trace_integral,43,11,nonpositive incremental power/energy; expected or invalid L2/global traffic; not a pure FP16 candidate; rerun with tensor_baseline_u32; baseline_nop is only a weak loop baseline for Tensor Core separation,NVML energy counter was unavailable; using power trace fallback,,,,,,,,,,,,,,,,
pair,thread_sweep_tensor_mma_f16acc_t288,8,NVIDIA GeForce RTX 3090,ampere,ga102,tensor_mma_f16acc,baseline_nop,288,2304.0,power_trace_fallback,generic_nop_baseline,False,False,False,False,False,True,False,False,False,missing NCU validation row,missing NCU validation row,True,True,True,146.81369119373753,100.0,-0.10154114128821337,-24.59607422538329,0.0,power_trace_integral,power_trace_integral,40,11,nonpositive incremental power/energy; expected or invalid L2/global traffic; not a pure FP16 candidate; rerun with tensor_baseline_u32; baseline_nop is only a weak loop baseline for Tensor Core separation,NVML energy counter was unavailable; using power trace fallback,,,,,,,,,,,,,,,,
pair,thread_sweep_tensor_mma_f16acc_t288,9,NVIDIA GeForce RTX 3090,ampere,ga102,tensor_mma_f16acc,baseline_nop,288,2304.0,power_trace_fallback,generic_nop_baseline,False,False,False,False,False,True,False,False,False,missing NCU validation row,missing NCU validation row,True,True,True,158.55524669517433,100.0,-0.0410393736039966,-13.42555265613018,0.0,power_trace_integral,power_trace_integral,38,11,nonpositive incremental power/energy; expected or invalid L2/global traffic; not a pure FP16 candidate; rerun with tensor_baseline_u32; baseline_nop is only a weak loop baseline for Tensor Core separation,NVML energy counter was unavailable; using power trace fallback,,,,,,,,,,,,,,,,
pair,thread_sweep_tensor_mma_f16acc_t320,0,NVIDIA GeForce RTX 3090,ampere,ga102,tensor_mma_f16acc,baseline_nop,320,2560.0,power_trace_fallback,generic_nop_baseline,False,False,False,False,False,True,False,False,False,missing NCU validation row,missing NCU validation row,True,True,True,160.57078370584938,100.0,-0.10414049188433853,-26.412908424117546,0.0,power_trace_integral,power_trace_integral,41,9,nonpositive incremental power/energy; expected or invalid L2/global traffic; not a pure FP16 candidate; rerun with tensor_baseline_u32; baseline_nop is only a weak loop baseline for Tensor Core separation,NVML energy counter was unavailable; using power trace fallback,,,,,,,,,,,,,,,,
pair,thread_sweep_tensor_mma_f16acc_t320,1,NVIDIA GeForce RTX 3090,ampere,ga102,tensor_mma_f16acc,baseline_nop,320,2560.0,power_trace_fallback,generic_nop_baseline,False,False,False,False,False,True,False,False,False,missing NCU validation row,missing NCU validation row,True,True,True,160.3552412062791,100.0,-0.008096043684248645,-11.293885839338316,15.0,power_trace_integral,power_trace_integral,41,10,nonpositive incremental power/energy; expected or invalid L2/global traffic; not a pure FP16 candidate; rerun with tensor_baseline_u32; baseline_nop is only a weak loop baseline for Tensor Core separation,NVML energy counter was unavailable; using power trace fallback,,,,,,,,,,,,,,,,
pair,thread_sweep_tensor_mma_f16acc_t320,2,NVIDIA GeForce RTX 3090,ampere,ga102,tensor_mma_f16acc,baseline_nop,320,2560.0,power_trace_fallback,generic_nop_baseline,False,False,False,False,False,True,False,False,False,missing NCU validation row,missing NCU validation row,True,True,True,159.33043982937548,100.0,-0.39147367119982657,-13.55082016412561,0.0,power_trace_integral,power_trace_integral,42,10,nonpositive incremental power/energy; expected or invalid L2/global traffic; not a pure FP16 candidate; rerun with tensor_baseline_u32; baseline_nop is only a weak loop baseline for Tensor Core separation,NVML energy counter was unavailable; using power trace fallback,,,,,,,,,,,,,,,,
pair,thread_sweep_tensor_mma_f16acc_t320,3,NVIDIA GeForce RTX 3090,ampere,ga102,tensor_mma_f16acc,baseline_nop,320,2560.0,power_trace_fallback,generic_nop_baseline,False,False,False,False,False,True,False,False,False,missing NCU validation row,missing NCU validation row,True,True,True,160.4880133521751,100.0,-0.014475573329270483,-12.319557483660589,0.0,power_trace_integral,power_trace_integral,41,10,nonpositive incremental power/energy; expected or invalid L2/global traffic; not a pure FP16 candidate; rerun with tensor_baseline_u32; baseline_nop is only a weak loop baseline for Tensor Core separation,NVML energy counter was unavailable; using power trace fallback,,,,,,,,,,,,,,,,
pair,thread_sweep_tensor_mma_f16acc_t320,4,NVIDIA GeForce RTX 3090,ampere,ga102,tensor_mma_f16acc,baseline_nop,320,2560.0,power_trace_fallback,generic_nop_baseline,False,False,False,False,False,True,False,False,False,missing NCU validation row,missing NCU validation row,True,True,True,139.0531200751021,100.0,-0.10422789698000554,-24.25832463503221,0.0,power_trace_integral,power_trace_integral,48,10,nonpositive incremental power/energy; expected or invalid L2/global traffic; not a pure FP16 candidate; rerun with tensor_baseline_u32; baseline_nop is only a weak loop baseline for Tensor Core separation,NVML energy counter was unavailable; using power trace fallback,,,,,,,,,,,,,,,,
pair,thread_sweep_tensor_mma_f16acc_t320,5,NVIDIA GeForce RTX 3090,ampere,ga102,tensor_mma_f16acc,baseline_nop,320,2560.0,power_trace_fallback,generic_nop_baseline,False,False,False,False,False,True,False,False,False,missing NCU validation row,missing NCU validation row,True,True,True,158.6576012664943,100.0,-0.04400318884499621,-16.974305662336292,0.0,power_trace_integral,power_trace_integral,42,10,nonpositive incremental power/energy; expected or invalid L2/global traffic; not a pure FP16 candidate; rerun with tensor_baseline_u32; baseline_nop is only a weak loop baseline for Tensor Core separation,NVML energy counter was unavailable; using power trace fallback,,,,,,,,,,,,,,,,
pair,thread_sweep_tensor_mma_f16acc_t320,6,NVIDIA GeForce RTX 3090,ampere,ga102,tensor_mma_f16acc,baseline_nop,320,2560.0,power_trace_fallback,generic_nop_baseline,False,False,False,False,False,True,False,False,False,missing NCU validation row,missing NCU validation row,True,True,True,147.5653514604263,100.0,-0.06233580578780638,-18.79459913913726,0.0,power_trace_integral,power_trace_integral,45,10,nonpositive incremental power/energy; expected or invalid L2/global traffic; not a pure FP16 candidate; rerun with tensor_baseline_u32; baseline_nop is only a weak loop baseline for Tensor Core separation,NVML energy counter was unavailable; using power trace fallback,,,,,,,,,,,,,,,,
pair,thread_sweep_tensor_mma_f16acc_t320,7,NVIDIA GeForce RTX 3090,ampere,ga102,tensor_mma_f16acc,baseline_nop,320,2560.0,power_trace_fallback,generic_nop_baseline,False,False,False,False,False,True,False,False,False,missing NCU validation row,missing NCU validation row,True,True,True,158.92381610662758,100.0,-0.0582999142749527,-19.26548985027017,0.0,power_trace_integral,power_trace_integral,42,10,nonpositive incremental power/energy; expected or invalid L2/global traffic; not a pure FP16 candidate; rerun with tensor_baseline_u32; baseline_nop is only a weak loop baseline for Tensor Core separation,NVML energy counter was unavailable; using power trace fallback,,,,,,,,,,,,,,,,
pair,thread_sweep_tensor_mma_f16acc_t320,8,NVIDIA GeForce RTX 3090,ampere,ga102,tensor_mma_f16acc,baseline_nop,320,2560.0,power_trace_fallback,generic_nop_baseline,False,False,False,False,False,True,False,False,False,missing NCU validation row,missing NCU validation row,True,True,True,148.7948234233302,100.0,-0.11597136327838313,-26.78184507977238,0.0,power_trace_integral,power_trace_integral,44,10,nonpositive incremental power/energy; expected or invalid L2/global traffic; not a pure FP16 candidate; rerun with tensor_baseline_u32; baseline_nop is only a weak loop baseline for Tensor Core separation,NVML energy counter was unavailable; using power trace fallback,,,,,,,,,,,,,,,,
pair,thread_sweep_tensor_mma_f16acc_t320,9,NVIDIA GeForce RTX 3090,ampere,ga102,tensor_mma_f16acc,baseline_nop,320,2560.0,power_trace_fallback,generic_nop_baseline,False,False,False,False,False,True,False,False,False,missing NCU validation row,missing NCU validation row,True,True,True,147.67592340074543,100.0,-0.07538261727515869,-21.470357024435003,0.0,power_trace_integral,power_trace_integral,44,10,nonpositive incremental power/energy; expected or invalid L2/global traffic; not a pure FP16 candidate; rerun with tensor_baseline_u32; baseline_nop is only a weak loop baseline for Tensor Core separation,NVML energy counter was unavailable; using power trace fallback,,,,,,,,,,,,,,,,
pair,thread_sweep_tensor_mma_f16acc_t384,0,NVIDIA GeForce RTX 3090,ampere,ga102,tensor_mma_f16acc,baseline_nop,384,3072.0,power_trace_fallback,generic_nop_baseline,False,False,False,False,False,True,False,False,False,missing NCU validation row,missing NCU validation row,True,True,True,160.5805844329119,100.0,-0.14308985245458408,-32.71031345762651,0.0,power_trace_integral,power_trace_integral,50,12,nonpositive incremental power/energy; expected or invalid L2/global traffic; not a pure FP16 candidate; rerun with tensor_baseline_u32; baseline_nop is only a weak loop baseline for Tensor Core separation,NVML energy counter was unavailable; using power trace fallback,,,,,,,,,,,,,,,,
pair,thread_sweep_tensor_mma_f16acc_t384,1,NVIDIA GeForce RTX 3090,ampere,ga102,tensor_mma_f16acc,baseline_nop,384,3072.0,power_trace_fallback,generic_nop_baseline,False,False,False,False,False,True,False,False,False,missing NCU validation row,missing NCU validation row,True,True,True,159.3237341297814,100.0,-0.17894230066540104,-38.34749075740416,0.0,power_trace_integral,power_trace_integral,50,12,nonpositive incremental power/energy; expected or invalid L2/global traffic; not a pure FP16 candidate; rerun with tensor_baseline_u32; baseline_nop is only a weak loop baseline for Tensor Core separation,NVML energy counter was unavailable; using power trace fallback,,,,,,,,,,,,,,,,
pair,thread_sweep_tensor_mma_f16acc_t384,2,NVIDIA GeForce RTX 3090,ampere,ga102,tensor_mma_f16acc,baseline_nop,384,3072.0,power_trace_fallback,generic_nop_baseline,False,False,False,False,False,True,False,False,False,missing NCU validation row,missing NCU validation row,True,True,True,159.60532511490084,100.0,-0.11073192386267426,-28.17833189500854,15.0,power_trace_integral,power_trace_integral,50,12,nonpositive incremental power/energy; expected or invalid L2/global traffic; not a pure FP16 candidate; rerun with tensor_baseline_u32; baseline_nop is only a weak loop baseline for Tensor Core separation,NVML energy counter was unavailable; using power trace fallback,,,,,,,,,,,,,,,,
pair,thread_sweep_tensor_mma_f16acc_t384,3,NVIDIA GeForce RTX 3090,ampere,ga102,tensor_mma_f16acc,baseline_nop,384,3072.0,power_trace_fallback,generic_nop_baseline,False,False,False,False,False,True,False,False,False,missing NCU validation row,missing NCU validation row,True,True,True,160.55537731191168,100.0,-0.46806736510447006,-36.94400945494681,0.0,power_trace_integral,power_trace_integral,44,12,nonpositive incremental power/energy; expected or invalid L2/global traffic; not a pure FP16 candidate; rerun with tensor_baseline_u32; baseline_nop is only a weak loop baseline for Tensor Core separation,NVML energy counter was unavailable; using power trace fallback,,,,,,,,,,,,,,,,
pair,thread_sweep_tensor_mma_f16acc_t384,4,NVIDIA GeForce RTX 3090,ampere,ga102,tensor_mma_f16acc,baseline_nop,384,3072.0,power_trace_fallback,generic_nop_baseline,False,False,False,False,False,True,False,False,False,missing NCU validation row,missing NCU validation row,True,True,True,160.2744263382893,100.0,-0.1251154137268332,-30.16671001841226,0.0,power_trace_integral,power_trace_integral,49,13,nonpositive incremental power/energy; expected or invalid L2/global traffic; not a pure FP16 candidate; rerun with tensor_baseline_u32; baseline_nop is only a weak loop baseline for Tensor Core separation,NVML energy counter was unavailable; using power trace fallback,,,,,,,,,,,,,,,,
pair,thread_sweep_tensor_mma_f16acc_t384,5,NVIDIA GeForce RTX 3090,ampere,ga102,tensor_mma_f16acc,baseline_nop,384,3072.0,power_trace_fallback,generic_nop_baseline,False,False,False,False,False,True,False,False,False,missing NCU validation row,missing NCU validation row,True,True,True,158.8164658013859,100.0,-0.6342600161721657,-110.73922669490469,0.0,power_trace_integral,power_trace_integral,50,14,nonpositive incremental power/energy; expected or invalid L2/global traffic; not a pure FP16 candidate; rerun with tensor_baseline_u32; baseline_nop is only a weak loop baseline for Tensor Core separation,NVML energy counter was unavailable; using power trace fallback,,,,,,,,,,,,,,,,
pair,thread_sweep_tensor_mma_f16acc_t384,6,NVIDIA GeForce RTX 3090,ampere,ga102,tensor_mma_f16acc,baseline_nop,384,3072.0,power_trace_fallback,generic_nop_baseline,False,False,False,False,False,True,False,False,False,missing NCU validation row,missing NCU validation row,True,True,True,157.54198733344145,100.0,-0.1287547104261714,-30.207508240133762,0.0,power_trace_integral,power_trace_integral,53,12,nonpositive incremental power/energy; expected or invalid L2/global traffic; not a pure FP16 candidate; rerun with tensor_baseline_u32; baseline_nop is only a weak loop baseline for Tensor Core separation,NVML energy counter was unavailable; using power trace fallback,,,,,,,,,,,,,,,,
pair,thread_sweep_tensor_mma_f16acc_t384,7,NVIDIA GeForce RTX 3090,ampere,ga102,tensor_mma_f16acc,baseline_nop,384,3072.0,power_trace_fallback,generic_nop_baseline,False,False,False,False,False,True,False,False,False,missing NCU validation row,missing NCU validation row,True,True,True,159.20010065494176,100.0,-0.10612410093622535,-26.91144173302905,0.0,power_trace_integral,power_trace_integral,49,12,nonpositive incremental power/energy; expected or invalid L2/global traffic; not a pure FP16 candidate; rerun with tensor_baseline_u32; baseline_nop is only a weak loop baseline for Tensor Core separation,NVML energy counter was unavailable; using power trace fallback,,,,,,,,,,,,,,,,
pair,thread_sweep_tensor_mma_f16acc_t384,8,NVIDIA GeForce RTX 3090,ampere,ga102,tensor_mma_f16acc,baseline_nop,384,3072.0,power_trace_fallback,generic_nop_baseline,False,False,False,False,False,True,False,False,False,missing NCU validation row,missing NCU validation row,True,True,True,157.42364746200334,100.0,-0.1748475757875891,-37.369746998892936,0.0,power_trace_integral,power_trace_integral,50,12,nonpositive incremental power/energy; expected or invalid L2/global traffic; not a pure FP16 candidate; rerun with tensor_baseline_u32; baseline_nop is only a weak loop baseline for Tensor Core separation,NVML energy counter was unavailable; using power trace fallback,,,,,,,,,,,,,,,,
pair,thread_sweep_tensor_mma_f16acc_t384,9,NVIDIA GeForce RTX 3090,ampere,ga102,tensor_mma_f16acc,baseline_nop,384,3072.0,power_trace_fallback,generic_nop_baseline,False,False,False,False,False,True,False,False,False,missing NCU validation row,missing NCU validation row,True,True,True,158.1906676147676,99.85714285714286,-0.39138955796857205,-26.66545860701791,0.0,power_trace_integral,power_trace_integral,44,12,nonpositive incremental power/energy; expected or invalid L2/global traffic; not a pure FP16 candidate; rerun with tensor_baseline_u32; baseline_nop is only a weak loop baseline for Tensor Core separation,NVML energy counter was unavailable; using power trace fallback,,,,,,,,,,,,,,,,
thread_sweep,,,NVIDIA GeForce RTX 3090,ampere,ga102,tensor_mma_f16acc,baseline_nop,32,256.0,power_trace_fallback,generic_nop_baseline,False,False,,True,True,True,False,False,False,missing NCU validation row,missing NCU validation row,True,True,,,,,,,,,,,rerun with tensor_baseline_u32; baseline_nop is only a weak loop baseline for Tensor Core separation,NVML energy counter was unavailable; using power trace fallback,10,5,7,7,False,False,99.80952380952382,99.92448979591836,159.22758784221787,0.26253513045350124,0.09922262188743346,32.16447544506875,0.0,valid_no_l2,power_trace_integral:10,power_trace_integral:10
thread_sweep,,,NVIDIA GeForce RTX 3090,ampere,ga102,tensor_mma_f16acc,baseline_nop,64,512.0,power_trace_fallback,generic_nop_baseline,False,False,,True,True,True,False,False,False,missing NCU validation row,missing NCU validation row,True,True,,,,,,,,,,,rerun with tensor_baseline_u32; baseline_nop is only a weak loop baseline for Tensor Core separation,NVML energy counter was unavailable; using power trace fallback,10,5,9,9,True,True,100.0,99.93042328042328,159.1109183698642,0.25139814888770357,0.014248796732169772,30.392466951334296,0.0,valid_no_l2,power_trace_integral:10,power_trace_integral:10
thread_sweep,,,NVIDIA GeForce RTX 3090,ampere,ga102,tensor_mma_f16acc,baseline_nop,96,768.0,mixed_or_unavailable,generic_nop_baseline,False,False,,True,True,False,False,False,False,missing NCU validation row,missing NCU validation row,True,True,,,,,,,,,,,energy source is unavailable or undersampled; rerun with tensor_baseline_u32; baseline_nop is only a weak loop baseline for Tensor Core separation,,10,5,7,7,False,False,99.82142857142857,99.9654761904762,160.1280935312898,0.2193848243607883,0.008410831132457235,25.26289539945015,0.0,valid_no_l2,power_trace_integral:10,"power_trace_integral:8,unavailable:2"
thread_sweep,,,NVIDIA GeForce RTX 3090,ampere,ga102,tensor_mma_f16acc,baseline_nop,128,1024.0,power_trace_fallback,generic_nop_baseline,False,False,,True,True,True,False,False,False,missing NCU validation row,missing NCU validation row,True,True,,,,,,,,,,,rerun with tensor_baseline_u32; baseline_nop is only a weak loop baseline for Tensor Core separation,NVML energy counter was unavailable; using power trace fallback,10,5,10,10,False,True,100.0,99.95599999999999,159.14138553584218,0.23054052279408227,0.011492836790788252,26.843989660688134,0.0,valid_no_l2,power_trace_integral:10,power_trace_integral:10
thread_sweep,,,NVIDIA GeForce RTX 3090,ampere,ga102,tensor_mma_f16acc,baseline_nop,160,1280.0,power_trace_fallback,generic_nop_baseline,False,False,,True,True,True,False,False,False,missing NCU validation row,missing NCU validation row,True,True,,,,,,,,,,,rerun with tensor_baseline_u32; baseline_nop is only a weak loop baseline for Tensor Core separation,NVML energy counter was unavailable; using power trace fallback,10,5,9,9,False,False,99.85185185185186,99.84338624338625,159.71516006057067,0.24222553081436868,0.02969872311147204,28.717602559779113,0.0,valid_no_l2,power_trace_integral:10,power_trace_integral:10
thread_sweep,,,NVIDIA GeForce RTX 3090,ampere,ga102,tensor_mma_f16acc,baseline_nop,192,1536.0,power_trace_fallback,generic_nop_baseline,False,False,,True,True,True,False,False,False,missing NCU validation row,missing NCU validation row,True,True,,,,,,,,,,,rerun with tensor_baseline_u32; baseline_nop is only a weak loop baseline for Tensor Core separation,NVML energy counter was unavailable; using power trace fallback,10,5,8,8,False,True,100.0,99.97011904761905,160.02297734978546,0.14822797916264333,0.011754534732384398,14.174607082957483,0.0,valid_no_l2,power_trace_integral:10,power_trace_integral:10
thread_sweep,,,NVIDIA GeForce RTX 3090,ampere,ga102,tensor_mma_f16acc,baseline_nop,224,1792.0,power_trace_fallback,generic_nop_baseline,False,False,,True,True,True,False,False,False,missing NCU validation row,missing NCU validation row,True,True,,,,,,,,,,,rerun with tensor_baseline_u32; baseline_nop is only a weak loop baseline for Tensor Core separation,NVML energy counter was unavailable; using power trace fallback,10,5,5,5,False,True,100.0,99.9512315270936,159.96516983623786,0.08190272876308362,0.012072186654622251,3.231250975466639,0.0,valid_no_l2,power_trace_integral:10,power_trace_integral:10
thread_sweep,,,NVIDIA GeForce RTX 3090,ampere,ga102,tensor_mma_f16acc,baseline_nop,256,2048.0,power_trace_fallback,generic_nop_baseline,False,False,,False,False,True,False,False,False,missing NCU validation row,missing NCU validation row,True,True,,,,,,,,,,,valid_no_l2_count 0 < required 5; pure_fp16_candidate_count 0 < required 5; matmul_input_pj_per_bit is not positive/finite; rerun with tensor_baseline_u32; baseline_nop is only a weak loop baseline for Tensor Core separation,NVML energy counter was unavailable; using power trace fallback,10,5,0,0,False,True,100.0,99.9638090463458,159.49423843936992,-0.07745701882149328,0.1177171682668172,-7.585274685310725,0.0,all_runs_no_valid,power_trace_integral:10,power_trace_integral:10
thread_sweep,,,NVIDIA GeForce RTX 3090,ampere,ga102,tensor_mma_f16acc,baseline_nop,288,2304.0,power_trace_fallback,generic_nop_baseline,False,False,,False,False,True,False,False,False,missing NCU validation row,missing NCU validation row,True,True,,,,,,,,,,,valid_no_l2_count 0 < required 5; pure_fp16_candidate_count 0 < required 5; matmul_input_pj_per_bit is not positive/finite; rerun with tensor_baseline_u32; baseline_nop is only a weak loop baseline for Tensor Core separation,NVML energy counter was unavailable; using power trace fallback,10,5,0,0,False,True,100.0,99.98038689598476,151.54547156815917,-0.04128821918986207,0.02307082297619636,-15.854203568855947,0.0,all_runs_no_valid,power_trace_integral:10,power_trace_integral:10
thread_sweep,,,NVIDIA GeForce RTX 3090,ampere,ga102,tensor_mma_f16acc,baseline_nop,320,2560.0,power_trace_fallback,generic_nop_baseline,False,False,,False,False,True,False,False,False,missing NCU validation row,missing NCU validation row,True,True,,,,,,,,,,,valid_no_l2_count 0 < required 5; pure_fp16_candidate_count 0 < required 5; matmul_input_pj_per_bit is not positive/finite; rerun with tensor_baseline_u32; baseline_nop is only a weak loop baseline for Tensor Core separation,NVML energy counter was unavailable; using power trace fallback,10,5,0,0,False,True,100.0,99.96495820575089,154.14151138264052,-0.09784065665389868,0.06785246118078349,-19.112209330222537,1.5,all_runs_no_valid,power_trace_integral:10,power_trace_integral:10
thread_sweep,,,NVIDIA GeForce RTX 3090,ampere,ga102,tensor_mma_f16acc,baseline_nop,384,3072.0,power_trace_fallback,generic_nop_baseline,False,False,,False,False,True,False,False,False,missing NCU validation row,missing NCU validation row,True,True,,,,,,,,,,,valid_no_l2_count 0 < required 5; pure_fp16_candidate_count 0 < required 5; matmul_input_pj_per_bit is not positive/finite; rerun with tensor_baseline_u32; baseline_nop is only a weak loop baseline for Tensor Core separation,NVML energy counter was unavailable; using power trace fallback,10,5,0,0,False,True,99.9857142857143,99.97132660062309,159.15123161943353,-0.2461322817104686,0.1145794432588468,-39.824023785737666,1.5,all_runs_no_valid,power_trace_integral:10,power_trace_integral:10
