gpu,architecture_generation,architecture_chip,gpu_product_class,recommended_cuda_arch,sm_count,tensor_model_architecture_chip,tensor_model_reference_note,tensor_model_reference_url,tensor_model_reference_dense_tflops,tensor_model_reference_sparse_tflops,fp16_path,test_benchmark_schema_versions,baseline_benchmark_schema_versions,test_benchmark_schema_features,baseline_benchmark_schema_features,test_bench_build_git_commits,baseline_bench_build_git_commits,benchmark_schema_v2_count,benchmark_schema_v2_all,benchmark_schema_features_required_all,test_kernel,baseline_kernel,threads,threads_per_sm,blocks_per_sm_requested,launch_shape,condition_names,unroll,suppress_output_store,run_count,required_valid_no_l2_count,valid_count,valid_no_l2_count,valid_no_l2_requirement_met,expected_l2_touch_count,valid_basic_expected_l2_touch_count,invalid_or_nonpositive_increment_count,separation_quality_counts,pure_fp16_candidate_count,matmul_denominator_valid_count,matmul_denominator_valid_all,matmul_denominator_metadata_complete_count,matmul_denominator_metadata_complete_all,matmul_denominator_source,matmul_denominator_note,stats_scope,stats_scope_note,expected_l2_touch,elapsed_s_n,elapsed_s_mean,elapsed_s_std,elapsed_s_min,elapsed_s_max,elapsed_s_ci95,baseline_elapsed_s_n,baseline_elapsed_s_mean,baseline_elapsed_s_std,baseline_elapsed_s_min,baseline_elapsed_s_max,baseline_elapsed_s_ci95,avg_gpu_util_pct_n,avg_gpu_util_pct_mean,avg_gpu_util_pct_std,avg_gpu_util_pct_min,avg_gpu_util_pct_max,avg_gpu_util_pct_ci95,max_gpu_util_pct_n,max_gpu_util_pct_mean,max_gpu_util_pct_std,max_gpu_util_pct_min,max_gpu_util_pct_max,max_gpu_util_pct_ci95,avg_sm_util_pct_n,avg_sm_util_pct_mean,avg_sm_util_pct_std,avg_sm_util_pct_min,avg_sm_util_pct_max,avg_sm_util_pct_ci95,max_sm_util_pct_n,max_sm_util_pct_mean,max_sm_util_pct_std,max_sm_util_pct_min,max_sm_util_pct_max,max_sm_util_pct_ci95,tflops_n,tflops_mean,tflops_std,tflops_min,tflops_max,tflops_ci95,matmul_input_pj_per_bit_n,matmul_input_pj_per_bit_mean,matmul_input_pj_per_bit_std,matmul_input_pj_per_bit_min,matmul_input_pj_per_bit_max,matmul_input_pj_per_bit_ci95,matmul_logical_mma_count_n,matmul_logical_mma_count_mean,matmul_logical_mma_count_std,matmul_logical_mma_count_min,matmul_logical_mma_count_max,matmul_logical_mma_count_ci95,matmul_flops_per_logical_mma_n,matmul_flops_per_logical_mma_mean,matmul_flops_per_logical_mma_std,matmul_flops_per_logical_mma_min,matmul_flops_per_logical_mma_max,matmul_flops_per_logical_mma_ci95,matmul_input_bits_per_logical_mma_n,matmul_input_bits_per_logical_mma_mean,matmul_input_bits_per_logical_mma_std,matmul_input_bits_per_logical_mma_min,matmul_input_bits_per_logical_mma_max,matmul_input_bits_per_logical_mma_ci95,matmul_accumulator_bits_per_logical_mma_n,matmul_accumulator_bits_per_logical_mma_mean,matmul_accumulator_bits_per_logical_mma_std,matmul_accumulator_bits_per_logical_mma_min,matmul_accumulator_bits_per_logical_mma_max,matmul_accumulator_bits_per_logical_mma_ci95,matmul_output_bits_per_logical_mma_n,matmul_output_bits_per_logical_mma_mean,matmul_output_bits_per_logical_mma_std,matmul_output_bits_per_logical_mma_min,matmul_output_bits_per_logical_mma_max,matmul_output_bits_per_logical_mma_ci95,matmul_arithmetic_read_bits_per_logical_mma_n,matmul_arithmetic_read_bits_per_logical_mma_mean,matmul_arithmetic_read_bits_per_logical_mma_std,matmul_arithmetic_read_bits_per_logical_mma_min,matmul_arithmetic_read_bits_per_logical_mma_max,matmul_arithmetic_read_bits_per_logical_mma_ci95,matmul_register_read_write_bits_per_logical_mma_n,matmul_register_read_write_bits_per_logical_mma_mean,matmul_register_read_write_bits_per_logical_mma_std,matmul_register_read_write_bits_per_logical_mma_min,matmul_register_read_write_bits_per_logical_mma_max,matmul_register_read_write_bits_per_logical_mma_ci95,pj_per_flop_n,pj_per_flop_mean,pj_per_flop_std,pj_per_flop_min,pj_per_flop_max,pj_per_flop_ci95,incremental_power_w_n,incremental_power_w_mean,incremental_power_w_std,incremental_power_w_min,incremental_power_w_max,incremental_power_w_ci95,test_energy_j_n,test_energy_j_mean,test_energy_j_std,test_energy_j_min,test_energy_j_max,test_energy_j_ci95,baseline_scaled_energy_j_n,baseline_scaled_energy_j_mean,baseline_scaled_energy_j_std,baseline_scaled_energy_j_min,baseline_scaled_energy_j_max,baseline_scaled_energy_j_ci95,incremental_energy_j_n,incremental_energy_j_mean,incremental_energy_j_std,incremental_energy_j_min,incremental_energy_j_max,incremental_energy_j_ci95,test_energy_counter_vs_trace_delta_j_n,test_energy_counter_vs_trace_delta_j_mean,test_energy_counter_vs_trace_delta_j_std,test_energy_counter_vs_trace_delta_j_min,test_energy_counter_vs_trace_delta_j_max,test_energy_counter_vs_trace_delta_j_ci95,baseline_energy_counter_vs_trace_delta_j_n,baseline_energy_counter_vs_trace_delta_j_mean,baseline_energy_counter_vs_trace_delta_j_std,baseline_energy_counter_vs_trace_delta_j_min,baseline_energy_counter_vs_trace_delta_j_max,baseline_energy_counter_vs_trace_delta_j_ci95,test_energy_counter_vs_trace_ratio_n,test_energy_counter_vs_trace_ratio_mean,test_energy_counter_vs_trace_ratio_std,test_energy_counter_vs_trace_ratio_min,test_energy_counter_vs_trace_ratio_max,test_energy_counter_vs_trace_ratio_ci95,baseline_energy_counter_vs_trace_ratio_n,baseline_energy_counter_vs_trace_ratio_mean,baseline_energy_counter_vs_trace_ratio_std,baseline_energy_counter_vs_trace_ratio_min,baseline_energy_counter_vs_trace_ratio_max,baseline_energy_counter_vs_trace_ratio_ci95,baseline_energy_fraction_n,baseline_energy_fraction_mean,baseline_energy_fraction_std,baseline_energy_fraction_min,baseline_energy_fraction_max,baseline_energy_fraction_ci95,incremental_energy_fraction_n,incremental_energy_fraction_mean,incremental_energy_fraction_std,incremental_energy_fraction_min,incremental_energy_fraction_max,incremental_energy_fraction_ci95,baseline_power_fraction_n,baseline_power_fraction_mean,baseline_power_fraction_std,baseline_power_fraction_min,baseline_power_fraction_max,baseline_power_fraction_ci95,tensor_peak_tflops_model_n,tensor_peak_tflops_model_mean,tensor_peak_tflops_model_std,tensor_peak_tflops_model_min,tensor_peak_tflops_model_max,tensor_peak_tflops_model_ci95,achieved_flops_per_sm_cycle_n,achieved_flops_per_sm_cycle_mean,achieved_flops_per_sm_cycle_std,achieved_flops_per_sm_cycle_min,achieved_flops_per_sm_cycle_max,achieved_flops_per_sm_cycle_ci95,tensor_model_utilization_pct_n,tensor_model_utilization_pct_mean,tensor_model_utilization_pct_std,tensor_model_utilization_pct_min,tensor_model_utilization_pct_max,tensor_model_utilization_pct_ci95,avg_sm_clock_mhz_n,avg_sm_clock_mhz_mean,avg_sm_clock_mhz_std,avg_sm_clock_mhz_min,avg_sm_clock_mhz_max,avg_sm_clock_mhz_ci95,clock_span_mhz_n,clock_span_mhz_mean,clock_span_mhz_std,clock_span_mhz_min,clock_span_mhz_max,clock_span_mhz_ci95,max_temp_c_n,max_temp_c_mean,max_temp_c_std,max_temp_c_min,max_temp_c_max,max_temp_c_ci95,selected_optimal,selection_status,selection_note
NVIDIA GeForce RTX 3090,ampere,ga102,consumer,86,82,ga102,"RTX 3090 FE dense FP16 Tensor Core peak, no sparsity",https://www.nvidia.com/content/dam/en-zz/Solutions/geforce/ampere/pdf/NVIDIA-ampere-GA102-GPU-Architecture-Whitepaper-V1.pdf,142.0,284.0,tensor_core_mma_m16n16k16_f16acc,fp16-energy-bench-v2,fp16-energy-bench-v2,"nvml_timed_energy_counter,explicit_m16n16k16_denominator,strict_denominator_provenance,tensor_no_memory_warpsync_baseline","nvml_timed_energy_counter,explicit_m16n16k16_denominator,strict_denominator_provenance,tensor_no_memory_warpsync_baseline",bae1f83e791c,bae1f83e791c,10,True,True,tensor_mma_f16acc,tensor_baseline_mov,32,32.0,1,t32_b1,launch_shape_tensor_mma_f16acc_t032_b01,8,True,10,5,7,7,True,0,0,3,invalid_or_nonpositive_increment:3; pure_fp16_candidate_no_l2:7,7,10,True,10,True,bench_json_metadata,logical_m16n16k16_input_bits_8192,valid_no_l2,stats use valid_basic rows with no intended L2/global traffic,False,7,1.1225822928314284,0.00651127911401491,1.1168706054700002,1.13192834473,0.004823623070731481,7,0.8455708618164286,0.003371349806720152,0.8433172607420001,0.851713012695,0.002497530887932415,7,98.80952380952381,0.9890642493585535,96.88888888888889,99.77777777777777,0.7327090496509022,7,100.0,0.0,100.0,100.0,0.0,7,100.0,0.0,100.0,100.0,0.0,7,100.0,0.0,100.0,100.0,0.0,7,38.29817437035757,0.2215336229205264,37.98086354154762,38.49292459613826,0.16411440452032397,7,0.5784353929819288,0.1636616457575475,0.44063854825906845,0.9250534677829616,0.12124224387352556,7,5248000000.0,0.0,5248000000.0,5248000000.0,0.0,7,8192.0,0.0,8192.0,8192.0,0.0,7,8192.0,0.0,8192.0,8192.0,0.0,7,4096.0,0.0,4096.0,4096.0,0.0,7,4096.0,0.0,4096.0,4096.0,0.0,7,12288.0,0.0,12288.0,12288.0,0.0,7,16384.0,0.0,16384.0,16384.0,0.0,7,0.5784353929819288,0.1636616457575475,0.44063854825906845,0.9250534677829616,0.12124224387352556,7,17.26917689735703,6.391568805383134,11.253687825309811,30.58620402364312,4.73494043304855,7,187.713,7.751101126076649,176.666,195.162,5.742096070623225,7,162.8451277041118,9.776500240362443,153.29845653360655,176.21823673844867,7.242532731997421,7,24.867872295888183,7.036078628336511,18.94376326155134,39.76954346639346,5.212399991588963,7,-7.97100174708673,7.766402630303397,-19.262431208219283,0.7668082745812796,5.753431583586595,7,-12.231450446379261,7.931918517496248,-22.82293104107751,0.05595876479722506,5.876047468738497,7,0.959308932332476,0.039722951378367205,0.901686390844683,1.0039835398029833,0.029427174192827605,7,0.9129921965949538,0.05398320835922647,0.8535131696470425,1.0004122221732694,0.03999132040173099,7,0.8675086669392351,0.036231590731830285,0.7940127651066284,0.9029331362583324,0.02684073803059478,7,0.13249133306076497,0.03623159073183028,0.09706686374166763,0.20598723489337153,0.026840738030594776,7,0.8936737510518419,0.03786949863204222,0.8177693277488098,0.9326736184354998,0.028054117183423634,7,161.9382857142857,0.6732417588270784,161.21856,162.47808,0.4987444745024485,7,242.17341302250333,0.5584789682146062,241.24024099052093,242.6839512924529,0.4137270094596224,7,23.649747365478838,0.054538961739706765,23.55861728423056,23.6996046184036,0.0404030282675406,7,1928.5714285714287,8.017837257372731,1920.0,1935.0,5.939696961966998,7,0.0,0.0,0.0,0.0,0.0,7,67.71428571428571,1.3801311186847085,65.0,69.0,1.02241544067631,False,valid_no_l2_not_selected,valid no-L2 candidate but not first saturation point
NVIDIA GeForce RTX 3090,ampere,ga102,consumer,86,82,ga102,"RTX 3090 FE dense FP16 Tensor Core peak, no sparsity",https://www.nvidia.com/content/dam/en-zz/Solutions/geforce/ampere/pdf/NVIDIA-ampere-GA102-GPU-Architecture-Whitepaper-V1.pdf,142.0,284.0,tensor_core_mma_m16n16k16_f16acc,fp16-energy-bench-v2,fp16-energy-bench-v2,"nvml_timed_energy_counter,explicit_m16n16k16_denominator,strict_denominator_provenance,tensor_no_memory_warpsync_baseline","nvml_timed_energy_counter,explicit_m16n16k16_denominator,strict_denominator_provenance,tensor_no_memory_warpsync_baseline",bae1f83e791c,bae1f83e791c,10,True,True,tensor_mma_f16acc,tensor_baseline_mov,64,64.0,1,t64_b1,launch_shape_tensor_mma_f16acc_t064_b01,8,True,10,5,10,10,True,0,0,0,pure_fp16_candidate_no_l2:10,10,10,True,10,True,bench_json_metadata,logical_m16n16k16_input_bits_8192,valid_no_l2,stats use valid_basic rows with no intended L2/global traffic,False,10,1.11640345459,0.0019795923017730897,1.1109498291,1.1177625732399998,0.001226964020379115,10,1.039806030274,0.004601390257346181,1.03095495605,1.0468094482399999,0.0028519712288383623,10,98.62222222222222,1.2094733518154561,96.44444444444444,99.88888888888889,0.7496393499589374,10,100.0,0.0,100.0,100.0,0.0,10,100.0,0.0,100.0,100.0,0.0,10,100.0,0.0,100.0,100.0,0.0,10,77.0182821688005,0.13711019765826848,76.92441495045313,77.39614314505681,0.08498178094705859,10,0.3240552504550143,0.07972474772487745,0.17749640896937025,0.41162002812779996,0.049413910583816195,10,10496000000.0,0.0,10496000000.0,10496000000.0,0.0,10,8192.0,0.0,8192.0,8192.0,0.0,10,8192.0,0.0,8192.0,8192.0,0.0,10,4096.0,0.0,4096.0,4096.0,0.0,10,4096.0,0.0,4096.0,4096.0,0.0,10,12288.0,0.0,12288.0,12288.0,0.0,10,16384.0,0.0,16384.0,16384.0,0.0,10,0.3240552504550143,0.07972474772487745,0.17749640896937025,0.41162002812779996,0.049413910583816195,10,20.34412583015528,6.458762461295231,8.781627919976643,27.094376035956145,4.003182447762856,10,193.4527,2.5108927164125014,189.2,198.316,1.5562674290613872,10,165.5893822193084,7.251685153339143,156.49257962564084,176.71128508841977,4.4946410239598995,10,27.863317780691602,6.854991479769611,15.261714911580242,35.39242037435915,4.248767737755523,10,-12.406287303060514,3.243804336106102,-18.545214429832896,-6.32737681133645,2.0105307572610265,10,-23.88921707052437,6.55882367204587,-31.15222469698,-14.380731518693892,4.0652010287184615,10,0.9398710360125768,0.015299356427944727,0.9107309668685695,0.968077791542962,0.009482639357220447,10,0.8691888325237567,0.03526352018177648,0.8334926812301524,0.9221268733454308,0.021856556249586795,10,0.8559560190213858,0.03550672520629084,0.8155540017491771,0.9205007219162057,0.022007296285495838,10,0.14404398097861426,0.035506725206290855,0.07949927808379428,0.1844459982508229,0.022007296285495845,10,0.8794725644091217,0.03796431912918646,0.8389924796492682,0.947406368783767,0.023530528780082965,10,162.47808,0.0,162.47808,162.47808,0.0,10,485.3991439389961,0.8641217473893552,484.8075562516741,487.78057065013434,0.5355882078972641,10,47.40226015029258,0.08438688939349041,47.34448791520254,47.63482135255217,0.0523035359274664,10,1935.0,0.0,1935.0,1935.0,0.0,10,0.0,0.0,0.0,0.0,0.0,10,67.7,2.3118054512532935,62.0,70.0,1.4328718636981388,False,valid_no_l2_not_selected,valid no-L2 candidate but not first saturation point
NVIDIA GeForce RTX 3090,ampere,ga102,consumer,86,82,ga102,"RTX 3090 FE dense FP16 Tensor Core peak, no sparsity",https://www.nvidia.com/content/dam/en-zz/Solutions/geforce/ampere/pdf/NVIDIA-ampere-GA102-GPU-Architecture-Whitepaper-V1.pdf,142.0,284.0,tensor_core_mma_m16n16k16_f16acc,fp16-energy-bench-v2,fp16-energy-bench-v2,"nvml_timed_energy_counter,explicit_m16n16k16_denominator,strict_denominator_provenance,tensor_no_memory_warpsync_baseline","nvml_timed_energy_counter,explicit_m16n16k16_denominator,strict_denominator_provenance,tensor_no_memory_warpsync_baseline",bae1f83e791c,bae1f83e791c,10,True,True,tensor_mma_f16acc,tensor_baseline_mov,32,64.0,2,t32_b2,launch_shape_tensor_mma_f16acc_t032_b02,8,True,10,5,9,9,True,0,0,1,invalid_or_nonpositive_increment:1; pure_fp16_candidate_no_l2:9,9,10,True,10,True,bench_json_metadata,logical_m16n16k16_input_bits_8192,valid_no_l2,stats use valid_basic rows with no intended L2/global traffic,False,9,1.1161382785377778,0.002789872418770999,1.10883935547,1.11788330078,0.001822716646930386,9,1.006495557997111,0.004271573267138619,0.998589416504,1.01300939941,0.0027907612011972313,9,98.9753086419753,0.9325687638529022,97.33333333333333,99.77777777777777,0.6092782590505628,9,100.0,0.0,100.0,100.0,0.0,9,100.0,0.0,100.0,100.0,0.0,9,100.0,0.0,100.0,100.0,0.0,9,77.0367917480933,0.19360815161431896,76.91610737901303,77.54345259828425,0.1264906590546884,9,0.4111398517249557,0.10925186114749072,0.3183173514105836,0.5620118758460263,0.0713778826163606,9,10496000000.0,0.0,10496000000.0,10496000000.0,0.0,9,8192.0,0.0,8192.0,8192.0,0.0,9,8192.0,0.0,8192.0,8192.0,0.0,9,4096.0,0.0,4096.0,4096.0,0.0,9,4096.0,0.0,4096.0,4096.0,0.0,9,12288.0,0.0,12288.0,12288.0,0.0,9,16384.0,0.0,16384.0,16384.0,0.0,9,0.4111398517249557,0.10925186114749072,0.3183173514105836,0.5620118758460263,0.0713778826163606,9,26.544974218428784,8.175920243259055,19.56599876942346,37.73995450454149,5.341601225595916,9,201.22277777777776,9.722315513520654,188.127,215.077,6.351912802166827,9,165.87164452246532,3.377209263858595,160.75704532403827,171.04791048057072,2.2064433857209487,9,35.35113325531247,9.39382812347648,27.369954675961736,48.32359750762407,6.1373010406713,9,-5.5434854417408195,8.087384823678889,-12.958578930885892,6.890385675176134,5.283758084803541,9,-10.778260677858485,2.2897623148800355,-13.273063090748224,-6.932116227399661,1.4959780457216232,9,0.9730321832617553,0.03905471740591609,0.9371661330306708,1.0330971599568135,0.025515748705198512,9,0.9347342827765647,0.013369754949401288,0.9197449722020095,0.9555034915226511,0.008734906566942174,9,0.8257991213165026,0.03781278978379925,0.7728652592084526,0.8612337392278796,0.024704355992082174,9,0.1742008786834974,0.03781278978379925,0.13876626077212037,0.22713474079154736,0.024704355992082174,9,0.849953434921138,0.03895825515315406,0.7958672921478623,0.8866514055673553,0.025452726700060654,9,162.47808,0.0,162.47808,162.47808,0.0,9,485.5157985006195,1.2201938086236888,484.75519870809245,488.7089720696052,0.7971932883008099,9,47.413652197326115,0.11915955162340737,47.33937487383715,47.72548555367238,0.07785090706062615,9,1935.0,0.0,1935.0,1935.0,0.0,9,0.0,0.0,0.0,0.0,0.0,9,67.77777777777777,2.773886162848873,61.0,70.0,1.8122722930612636,False,valid_no_l2_not_selected,valid no-L2 candidate but not first saturation point
NVIDIA GeForce RTX 3090,ampere,ga102,consumer,86,82,ga102,"RTX 3090 FE dense FP16 Tensor Core peak, no sparsity",https://www.nvidia.com/content/dam/en-zz/Solutions/geforce/ampere/pdf/NVIDIA-ampere-GA102-GPU-Architecture-Whitepaper-V1.pdf,142.0,284.0,tensor_core_mma_m16n16k16_f16acc,fp16-energy-bench-v2,fp16-energy-bench-v2,"nvml_timed_energy_counter,explicit_m16n16k16_denominator,strict_denominator_provenance,tensor_no_memory_warpsync_baseline","nvml_timed_energy_counter,explicit_m16n16k16_denominator,strict_denominator_provenance,tensor_no_memory_warpsync_baseline",bae1f83e791c,bae1f83e791c,10,True,True,tensor_mma_f16acc,tensor_baseline_mov,128,128.0,1,t128_b1,launch_shape_tensor_mma_f16acc_t128_b01,8,True,10,5,9,9,True,0,0,1,invalid_or_nonpositive_increment:1; pure_fp16_candidate_no_l2:9,9,10,True,10,True,bench_json_metadata,logical_m16n16k16_input_bits_8192,valid_no_l2,stats use valid_basic rows with no intended L2/global traffic,False,9,1.117575507271111,0.0031160556013381724,1.11001086426,1.12062231445,0.0020358229928742724,9,1.0375763075088889,0.0040496718900752135,1.03001086426,1.04584094238,0.0026457856348491397,9,95.95916429249763,7.898817239817455,75.07692307692308,99.66666666666667,5.160560596680737,9,100.0,0.0,100.0,100.0,0.0,9,94.44444444444444,16.666666666666668,50.0,100.0,10.888888888888891,9,100.0,0.0,100.0,100.0,0.0,9,153.8756500911245,0.43096988959633126,153.45621962239875,154.92322601242574,0.28156699453626977,9,0.37584111113196156,0.047653794109573926,0.3259242927858038,0.4703028746441885,0.031133812151588298,9,20992000000.0,0.0,20992000000.0,20992000000.0,0.0,9,8192.0,0.0,8192.0,8192.0,0.0,9,8192.0,0.0,8192.0,8192.0,0.0,9,4096.0,0.0,4096.0,4096.0,0.0,9,4096.0,0.0,4096.0,4096.0,0.0,9,12288.0,0.0,12288.0,12288.0,0.0,9,16384.0,0.0,16384.0,16384.0,0.0,9,0.37584111113196156,0.047653794109573926,0.3259242927858038,0.4703028746441885,0.031133812151588298,9,51.53510124096138,7.176255737864638,44.28003035396591,66.78038020687873,4.688487082071563,9,234.8871111111111,5.428765846038223,229.861,244.909,3.546793686078306,9,170.25504420391664,3.597380917522308,162.05967763840366,174.73995183792462,2.3502888661145747,9,64.63206690719446,8.194854469207455,56.04804816207539,80.87632236159635,5.35397158654887,9,-2.6004854228594354,10.671826745671837,-19.13248648542927,15.905326959210868,6.9722601405055995,9,-12.847220391530682,1.9185665220795076,-15.659851354022578,-10.248329783683005,1.2534634610919448,9,0.9899905073602387,0.045091931341705686,0.9231606948619965,1.0700580531528145,0.02946006180991438,9,0.9269108340117328,0.01058069651454639,0.9124006982535569,0.9420003245328903,0.0069127217228369744,9,0.7253715542841828,0.02852528051289669,0.6670879476010293,0.7571448768476897,0.018636516601759173,9,0.27462844571581724,0.028525280512896684,0.24285512315231028,0.3329120523989707,0.018636516601759166,9,0.7477920332530005,0.02880770552390807,0.6861509516458983,0.7790218540644579,0.01882103427561994,9,162.27593481481483,0.24351434915005907,161.9182933333333,162.47808,0.15909604144470527,9,970.9917595642061,2.077858626854359,969.4661464749809,976.3863743141472,1.3575343028781812,9,94.823414019942,0.202915881528747,94.67442836669736,95.35023186661594,0.13257170926544806,9,1932.5925925925924,2.900085141364056,1928.3333333333333,1935.0,1.8947222923578497,9,6.666666666666667,7.905694150420948,0.0,15.0,5.1650535116083525,9,70.0,2.23606797749979,65.0,72.0,1.4608977452998626,False,valid_no_l2_not_selected,valid no-L2 candidate but not first saturation point
NVIDIA GeForce RTX 3090,ampere,ga102,consumer,86,82,ga102,"RTX 3090 FE dense FP16 Tensor Core peak, no sparsity",https://www.nvidia.com/content/dam/en-zz/Solutions/geforce/ampere/pdf/NVIDIA-ampere-GA102-GPU-Architecture-Whitepaper-V1.pdf,142.0,284.0,tensor_core_mma_m16n16k16_f16acc,fp16-energy-bench-v2,fp16-energy-bench-v2,"nvml_timed_energy_counter,explicit_m16n16k16_denominator,strict_denominator_provenance,tensor_no_memory_warpsync_baseline","nvml_timed_energy_counter,explicit_m16n16k16_denominator,strict_denominator_provenance,tensor_no_memory_warpsync_baseline",bae1f83e791c,bae1f83e791c,10,True,True,tensor_mma_f16acc,tensor_baseline_mov,64,128.0,2,t64_b2,launch_shape_tensor_mma_f16acc_t064_b02,8,True,10,5,10,10,True,0,0,0,pure_fp16_candidate_no_l2:10,10,10,True,10,True,bench_json_metadata,logical_m16n16k16_input_bits_8192,valid_no_l2,stats use valid_basic rows with no intended L2/global traffic,False,10,1.117703540038,0.0034642363063858567,1.10876660156,1.12129345703,0.0021471559079207303,10,1.037170092773,0.0026995048294053393,1.02970373535,1.03900366211,0.0016731704278468505,10,98.89027777777778,1.4718210785893657,95.66666666666667,99.88888888888889,0.9122441556512636,10,100.0,0.0,100.0,100.0,0.0,10,99.9,0.31622776601683794,99.0,100.0,0.19599999999999998,10,99.9,0.31622776601683794,99.0,100.0,0.19599999999999998,10,153.8582929251505,0.4793990015317095,153.36436944481258,155.09708153009709,0.2971345795587473,10,0.3752513802876595,0.08683827657054317,0.2459948090199036,0.48224638500634665,0.05382292144112416,10,20992000000.0,0.0,20992000000.0,20992000000.0,0.0,10,8192.0,0.0,8192.0,8192.0,0.0,10,8192.0,0.0,8192.0,8192.0,0.0,10,4096.0,0.0,4096.0,4096.0,0.0,10,4096.0,0.0,4096.0,4096.0,0.0,10,12288.0,0.0,12288.0,12288.0,0.0,10,16384.0,0.0,16384.0,16384.0,0.0,10,0.3752513802876595,0.08683827657054317,0.2459948090199036,0.48224638500634665,0.05382292144112416,10,51.55360582173694,13.172048509187317,31.537638814400594,67.8594836064751,8.164120248894422,10,239.3499,11.211423583411104,225.019,254.793,6.948912329955147,10,174.8192470208119,8.54121605955653,160.21865315557187,189.67814253049187,5.293900560218174,10,64.5306529791881,14.933271361690355,42.302857469508126,82.93020560632405,9.255737482379907,10,3.023970598773431,9.859516667887744,-9.48002492985998,14.972355362206343,6.110991742588161,10,-9.946248095363021,6.199097517119012,-15.79055852389294,2.5272612119662767,3.8422404479517804,10,1.0127069589975233,0.041412961361617706,0.9605401821218662,1.0631485147778643,0.025668019380830947,10,0.943430779445935,0.03528800948125372,0.9110894771101263,1.0141307186681452,0.021871734874658204,10,0.7319902281058005,0.05252843344598314,0.6709340814059208,0.8176451628818389,0.0325574603555353,10,0.2680097718941995,0.05252843344598314,0.18235483711816108,0.3290659185940792,0.0325574603555353,10,0.7537763116802315,0.0542861706173189,0.6904073224255843,0.8431422692138504,0.03364691714145038,10,162.262912,0.2544463313040246,161.9182933333333,162.47808,0.15770747004212576,10,970.9599616895191,2.340324834315262,969.7997386332698,977.4820793476845,1.4505483604541136,10,94.8203087587421,0.22854734710109775,94.70700572590526,95.4572343112973,0.14165511332559577,10,1932.4375,3.0302773830985577,1928.3333333333333,1935.0,1.878185380646469,10,7.5,7.905694150420948,0.0,15.0,4.8999999999999995,10,69.9,2.330951164939612,64.0,72.0,1.4447384999830706,False,valid_no_l2_not_selected,valid no-L2 candidate but not first saturation point
NVIDIA GeForce RTX 3090,ampere,ga102,consumer,86,82,ga102,"RTX 3090 FE dense FP16 Tensor Core peak, no sparsity",https://www.nvidia.com/content/dam/en-zz/Solutions/geforce/ampere/pdf/NVIDIA-ampere-GA102-GPU-Architecture-Whitepaper-V1.pdf,142.0,284.0,tensor_core_mma_m16n16k16_f16acc,fp16-energy-bench-v2,fp16-energy-bench-v2,"nvml_timed_energy_counter,explicit_m16n16k16_denominator,strict_denominator_provenance,tensor_no_memory_warpsync_baseline","nvml_timed_energy_counter,explicit_m16n16k16_denominator,strict_denominator_provenance,tensor_no_memory_warpsync_baseline",bae1f83e791c,bae1f83e791c,10,True,True,tensor_mma_f16acc,tensor_baseline_mov,32,128.0,4,t32_b4,launch_shape_tensor_mma_f16acc_t032_b04,8,True,10,5,10,10,True,0,0,0,pure_fp16_candidate_no_l2:10,10,10,True,10,True,bench_json_metadata,logical_m16n16k16_input_bits_8192,valid_no_l2,stats use valid_basic rows with no intended L2/global traffic,False,10,1.119416955567,0.003948692410725023,1.1097354736299998,1.1238779296899999,0.0024474249122731838,10,1.036873107912,0.0029668008802780847,1.0286909179700001,1.0387916259799999,0.0018388422365907687,10,99.37777777777777,0.8383797817434586,97.44444444444444,99.88888888888889,0.5196331722906594,10,100.0,0.0,100.0,100.0,0.0,10,100.0,0.0,100.0,100.0,0.0,10,100.0,0.0,100.0,100.0,0.0,10,153.62318630587984,0.5446346626684407,153.01169233515748,154.96167157519906,0.33756806123511124,10,0.3508538499309065,0.08133382284276085,0.24216481503665047,0.46234663753962896,0.05041122567438403,10,20992000000.0,0.0,20992000000.0,20992000000.0,0.0,10,8192.0,0.0,8192.0,8192.0,0.0,10,8192.0,0.0,8192.0,8192.0,0.0,10,4096.0,0.0,4096.0,4096.0,0.0,10,4096.0,0.0,4096.0,4096.0,0.0,10,12288.0,0.0,12288.0,12288.0,0.0,10,16384.0,0.0,16384.0,16384.0,0.0,10,0.3508538499309065,0.08133382284276085,0.24216481503665047,0.46234663753962896,0.05041122567438403,10,47.785906612027844,12.47961490636923,31.237319860528686,64.38492629964162,7.73494545547948,10,236.0489,10.249774842513476,219.848,255.744,6.352876265222301,10,175.71380404659536,10.553497650011463,162.76662946534086,193.1317730529332,6.541125611633064,10,60.335095953404654,13.986689917872011,41.64422694706681,79.50811639997966,8.669040225129837,10,-0.8078378300173739,8.492328513322489,-7.587309766559656,16.132718941168065,5.263599745136167,10,-10.118046404137718,8.645754574894669,-19.410249332062648,4.399701009865595,5.358694203307643,10,0.9965133958177859,0.035604060970908236,0.9685218682190601,1.067328712028408,0.022067625617436894,10,0.9428442178787151,0.04858283935621418,0.8916816093840549,1.0245249010694835,0.030111955802486223,10,0.7454403265156062,0.05222437001256421,0.6891105308434229,0.822621447903249,0.03236899988699145,10,0.25455967348439373,0.05222437001256423,0.177378552096751,0.3108894691565771,0.032368999886991455,10,0.7677427896671685,0.05457018902321022,0.709222229652683,0.8464441246560216,0.033822953573215624,10,162.11421866666666,0.3914061393917855,161.6384,162.47808,0.24259603856767317,10,970.3660204051354,2.477972224398423,966.9470274637957,976.6286731908934,1.5358630967156441,10,94.762306680189,0.24198947503891072,94.4284206507613,95.37389386629819,0.1499866305386385,10,1930.6666666666667,4.661372658533996,1925.0,1935.0,2.8891487062651415,10,7.5,7.905694150420948,0.0,15.0,4.8999999999999995,10,70.1,2.766867462592951,63.0,72.0,1.7149222204584735,False,valid_no_l2_not_selected,valid no-L2 candidate but not first saturation point
NVIDIA GeForce RTX 3090,ampere,ga102,consumer,86,82,ga102,"RTX 3090 FE dense FP16 Tensor Core peak, no sparsity",https://www.nvidia.com/content/dam/en-zz/Solutions/geforce/ampere/pdf/NVIDIA-ampere-GA102-GPU-Architecture-Whitepaper-V1.pdf,142.0,284.0,tensor_core_mma_m16n16k16_f16acc,fp16-energy-bench-v2,fp16-energy-bench-v2,"nvml_timed_energy_counter,explicit_m16n16k16_denominator,strict_denominator_provenance,tensor_no_memory_warpsync_baseline","nvml_timed_energy_counter,explicit_m16n16k16_denominator,strict_denominator_provenance,tensor_no_memory_warpsync_baseline",bae1f83e791c,bae1f83e791c,10,True,True,tensor_mma_f16acc,tensor_baseline_mov,256,256.0,1,t256_b1,launch_shape_tensor_mma_f16acc_t256_b01,8,True,10,5,10,10,True,0,0,0,pure_fp16_candidate_no_l2:10,10,10,True,10,True,bench_json_metadata,logical_m16n16k16_input_bits_8192,valid_no_l2,stats use valid_basic rows with no intended L2/global traffic,False,10,1.0805565307610001,0.003793413429987965,1.07258984375,1.08382104492,0.002351182002904995,10,1.023533850099,0.0027538551915898004,1.02035662842,1.02777954102,0.001706857131333815,10,97.26904761904761,7.700558926904986,75.35714285714286,99.88888888888889,4.7728558712109175,10,100.0,0.0,100.0,100.0,0.0,10,93.75,15.56215137940624,49.5,100.0,9.645521355645956,10,98.7,0.6749485577105528,98.0,100.0,0.4183374501789461,10,159.1479705254172,0.5608888020013666,158.6668433926685,160.32826061336644,0.3476424811678752,10,0.30845850528420093,0.04084483321425941,0.24261037842537508,0.35771617637610836,0.02531588990692417,10,20992000000.0,0.0,20992000000.0,20992000000.0,0.0,10,8192.0,0.0,8192.0,8192.0,0.0,10,8192.0,0.0,8192.0,8192.0,0.0,10,4096.0,0.0,4096.0,4096.0,0.0,10,4096.0,0.0,4096.0,4096.0,0.0,10,12288.0,0.0,12288.0,12288.0,0.0,10,16384.0,0.0,16384.0,16384.0,0.0,10,0.30845850528420093,0.04084483321425941,0.24261037842537508,0.35771617637610836,0.02531588990692417,10,42.4301754980403,6.075180074802887,32.2955963714046,50.15333987610077,3.7654356214816493,10,234.9764,3.7032012937757277,230.379,241.957,2.29526794159307,10,181.93188155555066,7.131642671251947,172.85630597443418,194.7886811352806,4.4202379227223005,10,53.04451844444935,7.023941540525948,41.72084890751364,61.515185966999695,4.35348407030704,10,-11.826618552921843,2.776597459034567,-14.933294013607338,-7.126520904375326,1.720952934733118,10,-5.4646503491888065,6.493270780763445,-11.060065922124863,8.84465187689932,4.024570925760737,10,0.9521627868427419,0.010895433641024828,0.9400248347125292,0.9700036397192512,0.006753059734568528,10,0.9702642970671331,0.03558787301158421,0.939868418275749,1.0490502046461805,0.022057592216298615,10,0.7743016847650346,0.029132847187138922,0.7381775442987882,0.8222791893356323,0.01805672576004977,10,0.22569831523496547,0.029132847187138943,0.1777208106643677,0.26182245570121176,0.018056725760049783,10,0.7987380540198459,0.028207904937593543,0.7693511640397387,0.8465518980717731,0.017483440614363854,10,161.83582476190477,0.5691638482915634,161.21856,162.47808,0.3527714079958636,10,1006.9966569629887,2.91157004422993,999.9801058339226,1010.4510027942675,1.8046098097492185,10,98.33951728154186,0.28433301213183126,97.654307210344,98.67685574162769,0.17623142673332343,10,1927.3511904761904,6.778342324356493,1920.0,1935.0,4.201260099036123,10,7.5,7.905694150420948,0.0,15.0,4.8999999999999995,10,70.8,1.5491933384829668,67.0,72.0,0.9601999791710057,True,selected_valid_no_l2_saturation_point,first Tensor Core model utilization saturation point among required valid no-L2 candidates
NVIDIA GeForce RTX 3090,ampere,ga102,consumer,86,82,ga102,"RTX 3090 FE dense FP16 Tensor Core peak, no sparsity",https://www.nvidia.com/content/dam/en-zz/Solutions/geforce/ampere/pdf/NVIDIA-ampere-GA102-GPU-Architecture-Whitepaper-V1.pdf,142.0,284.0,tensor_core_mma_m16n16k16_f16acc,fp16-energy-bench-v2,fp16-energy-bench-v2,"nvml_timed_energy_counter,explicit_m16n16k16_denominator,strict_denominator_provenance,tensor_no_memory_warpsync_baseline","nvml_timed_energy_counter,explicit_m16n16k16_denominator,strict_denominator_provenance,tensor_no_memory_warpsync_baseline",bae1f83e791c,bae1f83e791c,10,True,True,tensor_mma_f16acc,tensor_baseline_mov,128,256.0,2,t128_b2,launch_shape_tensor_mma_f16acc_t128_b02,8,True,10,5,10,10,True,0,0,0,pure_fp16_candidate_no_l2:10,10,10,True,10,True,bench_json_metadata,logical_m16n16k16_input_bits_8192,valid_no_l2,stats use valid_basic rows with no intended L2/global traffic,False,10,1.080639526366,0.004679057856847517,1.06971960449,1.08554931641,0.00290011010574347,10,0.9928208923334999,0.004975405028935598,0.98664831543,1.00327313232,0.0030837879859653204,10,99.72361111111111,0.19493434757072864,99.33333333333333,99.88888888888889,0.12082156037439301,10,100.0,0.0,100.0,100.0,0.0,10,99.2,0.7888106377466155,98.0,100.0,0.4889098985384617,10,99.2,0.7888106377466155,98.0,100.0,0.4889098985384617,10,159.136674388988,0.6925598528581157,158.4142345266331,160.7584485487548,0.42925304400045294,10,0.29368389464924827,0.08613358632391274,0.17364840938670562,0.42452356293740173,0.0533861499011696,10,20992000000.0,0.0,20992000000.0,20992000000.0,0.0,10,8192.0,0.0,8192.0,8192.0,0.0,10,8192.0,0.0,8192.0,8192.0,0.0,10,4096.0,0.0,4096.0,4096.0,0.0,10,4096.0,0.0,4096.0,4096.0,0.0,10,12288.0,0.0,12288.0,12288.0,0.0,10,16384.0,0.0,16384.0,16384.0,0.0,10,0.29368389464924827,0.08613358632391274,0.17364840938670562,0.42452356293740173,0.0533861499011696,10,40.73816910854332,13.431076391847279,22.14067769737983,61.065495968881436,8.3246673938869,10,228.06599999999997,10.980652783671632,209.676,239.148,6.805879106406623,10,177.56221910342026,6.550605357055406,166.14418399697357,186.07897563852674,4.0601072643143405,10,50.50378089657974,14.81208827176203,29.861702941456173,73.00381600302643,9.180627425078084,10,-17.615474170252636,11.218381282991325,-37.27596946521612,-8.70200514648738,6.953224756833091,10,-7.597092924965082,6.452198611871478,-20.27097160632036,-0.3773792625762553,3.9991141317409578,10,0.9284475599149526,0.045350608288196405,0.8490557919180047,0.9648900344329457,0.028108598231102844,10,0.9568364631851038,0.03639903033479948,0.8854559512086874,0.9978516418299979,0.0225603527339874,10,0.7807288402599345,0.05621737865853847,0.6947337380909461,0.8575816834475277,0.03484389228644407,10,0.21927115974006553,0.05621737865853846,0.14241831655247225,0.3052662619090539,0.03484389228644406,10,0.8035359316131714,0.05804621357345953,0.7151871592974955,0.882673350417633,0.03597741591037987,10,162.02850133333334,0.4770155404441123,161.49845333333332,162.47808,0.2956572950715142,10,1005.7227614684869,2.748871417024815,1003.5744981098073,1013.1622143363888,1.7037681558556617,10,98.21511342465692,0.2684444743188261,98.00532208103589,98.94162249378796,0.16638360897027732,10,1929.6458333333333,5.680920594084765,1923.3333333333333,1935.0,3.5210710636374865,10,7.5,7.905694150420948,0.0,15.0,4.8999999999999995,10,70.3,2.057506581601462,65.0,72.0,1.2752557913349516,False,valid_no_l2_not_selected,valid no-L2 candidate but not first saturation point
NVIDIA GeForce RTX 3090,ampere,ga102,consumer,86,82,ga102,"RTX 3090 FE dense FP16 Tensor Core peak, no sparsity",https://www.nvidia.com/content/dam/en-zz/Solutions/geforce/ampere/pdf/NVIDIA-ampere-GA102-GPU-Architecture-Whitepaper-V1.pdf,142.0,284.0,tensor_core_mma_m16n16k16_f16acc,fp16-energy-bench-v2,fp16-energy-bench-v2,"nvml_timed_energy_counter,explicit_m16n16k16_denominator,strict_denominator_provenance,tensor_no_memory_warpsync_baseline","nvml_timed_energy_counter,explicit_m16n16k16_denominator,strict_denominator_provenance,tensor_no_memory_warpsync_baseline",bae1f83e791c,bae1f83e791c,10,True,True,tensor_mma_f16acc,tensor_baseline_mov,64,256.0,4,t64_b4,launch_shape_tensor_mma_f16acc_t064_b04,8,True,10,5,9,9,True,0,0,1,invalid_or_nonpositive_increment:1; pure_fp16_candidate_no_l2:9,9,10,True,10,True,bench_json_metadata,logical_m16n16k16_input_bits_8192,valid_no_l2,stats use valid_basic rows with no intended L2/global traffic,False,9,1.0822167290599998,0.0063126996512947045,1.07017089844,1.09290270996,0.00412429710551254,9,1.02210466851,0.004889747473967256,1.01335412598,1.02931237793,0.003194635016325274,9,97.34885361552028,6.670946706464716,79.6,99.875,4.358351848223614,9,100.0,0.0,100.0,100.0,0.0,9,92.55555555555556,16.68915149963526,49.0,100.0,10.903578979761702,9,98.0,3.427827300200522,89.0,100.0,2.2395138361310076,9,158.9068704363188,0.9284336546445839,157.3483736775563,160.6906562780556,0.6065766543677948,9,0.3271037722918796,0.03312006503844041,0.269978358892419,0.3918446777373228,0.021638442491781068,9,20992000000.0,0.0,20992000000.0,20992000000.0,0.0,9,8192.0,0.0,8192.0,8192.0,0.0,9,8192.0,0.0,8192.0,8192.0,0.0,9,4096.0,0.0,4096.0,4096.0,0.0,9,4096.0,0.0,4096.0,4096.0,0.0,9,12288.0,0.0,12288.0,12288.0,0.0,9,16384.0,0.0,16384.0,16384.0,0.0,9,0.3271037722918796,0.03312006503844041,0.269978358892419,0.3918446777373228,0.021638442491781068,9,45.73149065689686,5.2103286769118276,36.46389686913551,55.82984032199235,3.4040814022490604,9,234.24988888888888,4.163983832955063,228.948,240.275,2.720469437530641,9,177.9990098067932,6.045209614245945,172.1292589692018,189.73577626474776,3.949536947974017,9,56.25087908209571,5.695540472110621,46.427223735252255,67.38414366770692,3.721086441778939,9,-12.0584078796005,4.381158347947936,-16.75907024700905,-4.9004598001770034,2.8623567873259854,9,-8.931386743483532,6.346743174430634,-16.77893014052046,2.158811059167931,4.146538873961348,9,0.9512321820909341,0.01741205212270781,0.9325237449622222,0.9791371660339895,0.011375874053502434,9,0.9511793419124869,0.03436368661072131,0.9095694496863206,1.0118575475321212,0.022450941919004586,9,0.7599051451487033,0.023189542448407836,0.7195540790023642,0.8034102559026932,0.015150501066293119,9,0.24009485485129664,0.02318954244840783,0.19658974409730676,0.2804459209976357,0.015150501066293114,9,0.7824813837498351,0.023852561350083717,0.7407197447952382,0.8277777539751894,0.015583673415388029,9,161.9829908994709,0.4867122913081822,161.39849142857145,162.47808,0.31798536365467905,9,1004.5560792083207,5.498246496287607,991.6705973249909,1012.7349611020079,3.5921877109079037,9,98.10117961018756,0.5369381344030862,96.84283177001865,98.89989854511796,0.3507995811433497,9,1929.1038359788358,5.796402097324925,1922.142857142857,1935.0,3.786982703585617,9,8.333333333333334,7.905694150420948,0.0,15.0,5.1650535116083525,9,70.22222222222223,2.5385910352879693,64.0,72.0,1.6585461430548065,False,valid_no_l2_not_selected,valid no-L2 candidate but not first saturation point
NVIDIA GeForce RTX 3090,ampere,ga102,consumer,86,82,ga102,"RTX 3090 FE dense FP16 Tensor Core peak, no sparsity",https://www.nvidia.com/content/dam/en-zz/Solutions/geforce/ampere/pdf/NVIDIA-ampere-GA102-GPU-Architecture-Whitepaper-V1.pdf,142.0,284.0,tensor_core_mma_m16n16k16_f16acc,fp16-energy-bench-v2,fp16-energy-bench-v2,"nvml_timed_energy_counter,explicit_m16n16k16_denominator,strict_denominator_provenance,tensor_no_memory_warpsync_baseline","nvml_timed_energy_counter,explicit_m16n16k16_denominator,strict_denominator_provenance,tensor_no_memory_warpsync_baseline",bae1f83e791c,bae1f83e791c,10,True,True,tensor_mma_f16acc,tensor_baseline_mov,32,256.0,8,t32_b8,launch_shape_tensor_mma_f16acc_t032_b08,8,True,10,5,10,10,True,0,0,0,pure_fp16_candidate_no_l2:10,10,10,True,10,True,bench_json_metadata,logical_m16n16k16_input_bits_8192,valid_no_l2,stats use valid_basic rows with no intended L2/global traffic,False,10,1.08339786377,0.0072405780292601404,1.07320837402,1.10043334961,0.004487756757132525,10,1.022653350831,0.004498535844082673,1.01302270508,1.02768945312,0.0027882214030290303,10,99.64583333333333,0.17139011444826568,99.33333333333333,99.88888888888889,0.10622869349831666,10,100.0,0.0,100.0,100.0,0.0,9,98.22222222222223,0.8333333333333334,97.0,99.0,0.5444444444444444,9,98.22222222222223,0.8333333333333334,97.0,99.0,0.5444444444444444,10,158.7351562002065,1.0535408082658637,156.27158524498182,160.23585741867802,0.6529913581627562,10,0.2739995185042506,0.04310696979001603,0.2068740704271738,0.3423062724994491,0.026717976682646093,10,20992000000.0,0.0,20992000000.0,20992000000.0,0.0,10,8192.0,0.0,8192.0,8192.0,0.0,10,8192.0,0.0,8192.0,8192.0,0.0,10,4096.0,0.0,4096.0,4096.0,0.0,10,4096.0,0.0,4096.0,4096.0,0.0,10,12288.0,0.0,12288.0,12288.0,0.0,10,16384.0,0.0,16384.0,16384.0,0.0,10,0.2739995185042506,0.04310696979001603,0.2068740704271738,0.3423062724994491,0.026717976682646093,10,126.8214866913142,284.90076202049585,26.66173394603848,937.4652938958236,176.58332176006292,10,233.35999999999999,4.189665804757646,222.99,237.805,2.59678176927947,10,186.24127166512147,8.566111237751889,174.77450705931872,199.26959761535196,5.30933075152538,10,47.11872833487853,7.412953168543879,35.575402384648044,58.86519928675071,4.594595975349099,10,6.208527911224403,64.21482751138053,-21.058650185602005,188.7815345100649,39.80076244019768,10,-2.991893793092865,7.128527669987783,-11.16675859777402,9.113309634243393,4.418307224936124,10,1.361869748633863,1.3238815282191274,0.9172127359416798,5.129579827453709,0.8205502723537964,10,0.9836735941281907,0.038562077715569555,0.940093383371702,1.0497020872916605,0.023901023390366007,10,0.7980160272004443,0.03176812181771515,0.7524644171201165,0.8485153936228234,0.019690085898214985,10,0.20198397279955574,0.03176812181771517,0.15148460637717662,0.24753558287988356,0.019690085898215,10,0.7569006735976777,0.21481566506225558,0.15171333894287034,0.8732197525630963,0.13314412862139444,10,161.88680533333334,0.5685737011309709,161.21856,162.47808,0.35240563099616157,10,1004.0609160786704,4.896804881193512,991.7178002981519,1009.8686419529718,3.0350711096723364,10,98.05282383580764,0.4782036016790507,96.8474414353664,98.61998456571989,0.2963936630539371,10,1927.9583333333333,6.7713140854965665,1920.0,1935.0,4.196903951459657,10,7.5,7.905694150420948,0.0,15.0,4.8999999999999995,10,70.2,2.485513584307633,64.0,72.0,1.5405372800134083,False,valid_no_l2_not_selected,valid no-L2 candidate but not first saturation point
NVIDIA GeForce RTX 3090,ampere,ga102,consumer,86,82,ga102,"RTX 3090 FE dense FP16 Tensor Core peak, no sparsity",https://www.nvidia.com/content/dam/en-zz/Solutions/geforce/ampere/pdf/NVIDIA-ampere-GA102-GPU-Architecture-Whitepaper-V1.pdf,142.0,284.0,tensor_core_mma_m16n16k16_f16acc,fp16-energy-bench-v2,fp16-energy-bench-v2,"nvml_timed_energy_counter,explicit_m16n16k16_denominator,strict_denominator_provenance,tensor_no_memory_warpsync_baseline","nvml_timed_energy_counter,explicit_m16n16k16_denominator,strict_denominator_provenance,tensor_no_memory_warpsync_baseline",bae1f83e791c,bae1f83e791c,10,True,True,tensor_mma_f16acc,tensor_baseline_mov,256,512.0,2,t256_b2,launch_shape_tensor_mma_f16acc_t256_b02,8,True,10,5,10,10,True,0,0,0,pure_fp16_candidate_no_l2:10,10,10,True,10,True,bench_json_metadata,logical_m16n16k16_input_bits_8192,valid_no_l2,stats use valid_basic rows with no intended L2/global traffic,False,10,1.08324432373,0.005831958570483947,1.07570996094,1.09690466309,0.003614685371283905,10,1.029480407715,0.004298992095619575,1.02402954102,1.0371451416,0.002664542906382773,10,99.73333333333333,0.14160916286334888,99.5,99.88888888888889,0.08777026847079111,10,100.0,0.0,100.0,100.0,0.0,9,100.0,0.0,100.0,100.0,0.0,9,100.0,0.0,100.0,100.0,0.0,10,158.75543801759903,0.8503392611230866,156.77430298779788,159.86322544575916,0.52704573440667,10,0.1571273791686486,0.057226064438869836,0.041821788578967366,0.23401741319165295,0.03546908221026126,10,20992000000.0,0.0,20992000000.0,20992000000.0,0.0,10,8192.0,0.0,8192.0,8192.0,0.0,10,8192.0,0.0,8192.0,8192.0,0.0,10,4096.0,0.0,4096.0,4096.0,0.0,10,4096.0,0.0,4096.0,4096.0,0.0,10,12288.0,0.0,12288.0,12288.0,0.0,10,16384.0,0.0,16384.0,16384.0,0.0,10,0.1571273791686486,0.057226064438869836,0.041821788578967366,0.23401741319165295,0.03546908221026126,10,96.46343178015414,250.3561991897835,1.1326325190404987,808.6463475579052,155.17237989337337,10,232.8411,7.000468039114714,214.347,238.155,4.338935043399778,10,205.82046020678027,6.215523787795342,197.9118529390045,220.37918856858383,3.8524215559965094,10,27.02063979321976,9.840963950188591,7.191945100080602,40.24314706099551,6.099492649023934,10,-8.831753201813317,67.17985749161598,-48.26431435437419,181.22544496597027,41.63850706157037,10,-6.608138811355491,11.458717785523714,-17.34782500072754,20.687368778104144,7.102186864397801,10,1.2156417675248996,1.0431022473812017,0.816213880681298,4.183327971870542,0.6465214710963408,10,0.9697015912329279,0.05640602761367317,0.9182266727850947,1.105742219247185,0.03496081812022564,10,0.884796004606948,0.040740085458545766,0.8310211960236169,0.9664471856378648,0.025250966575306344,10,0.11520399539305207,0.04074008545854575,0.03355281436213524,0.16897880397638307,0.025250966575306337,10,0.8441753203846973,0.23475954728922857,0.18424146257441895,0.9941217075365097,0.14550547489317806,10,161.65239466666668,0.595390424974333,161.21856,162.47808,0.36902680863500015,10,1005.6496657320979,4.103150036663445,995.7717415383503,1008.3955345571758,2.543158740662936,10,98.20797516915016,0.4006982457679113,97.24333413460454,98.47612642159919,0.24835534576786283,10,1925.1666666666667,7.090682462060884,1920.0,1935.0,4.394850522044079,10,1.5,4.743416490252569,0.0,15.0,2.9399999999999995,10,71.4,1.776388345929897,67.0,73.0,1.1010169036950441,False,valid_no_l2_not_selected,valid no-L2 candidate but not first saturation point
NVIDIA GeForce RTX 3090,ampere,ga102,consumer,86,82,ga102,"RTX 3090 FE dense FP16 Tensor Core peak, no sparsity",https://www.nvidia.com/content/dam/en-zz/Solutions/geforce/ampere/pdf/NVIDIA-ampere-GA102-GPU-Architecture-Whitepaper-V1.pdf,142.0,284.0,tensor_core_mma_m16n16k16_f16acc,fp16-energy-bench-v2,fp16-energy-bench-v2,"nvml_timed_energy_counter,explicit_m16n16k16_denominator,strict_denominator_provenance,tensor_no_memory_warpsync_baseline","nvml_timed_energy_counter,explicit_m16n16k16_denominator,strict_denominator_provenance,tensor_no_memory_warpsync_baseline",bae1f83e791c,bae1f83e791c,10,True,True,tensor_mma_f16acc,tensor_baseline_mov,128,512.0,4,t128_b4,launch_shape_tensor_mma_f16acc_t128_b04,8,True,10,5,9,9,True,0,0,1,invalid_or_nonpositive_increment:1; pure_fp16_candidate_no_l2:9,9,10,True,10,True,bench_json_metadata,logical_m16n16k16_input_bits_8192,valid_no_l2,stats use valid_basic rows with no intended L2/global traffic,False,9,1.081650973851111,0.005509775941687793,1.0699925537100001,1.08682446289,0.003599720281902691,9,1.0250524291977778,0.002973066159297835,1.02142156982,1.03042358398,0.0019424032240745852,9,99.74145299145299,0.1941889229319363,99.25,99.92307692307692,0.1268700963155317,9,100.0,0.0,100.0,100.0,0.0,9,100.0,0.0,100.0,100.0,0.0,9,100.0,0.0,100.0,100.0,0.0,9,158.98885498352527,0.8138460049650421,158.22837070001168,160.71743995202422,0.5317127232438276,9,0.1587677275116767,0.05361193283601651,0.05968774407637486,0.22988383528569312,0.03502646278619745,9,20992000000.0,0.0,20992000000.0,20992000000.0,0.0,9,8192.0,0.0,8192.0,8192.0,0.0,9,8192.0,0.0,8192.0,8192.0,0.0,9,4096.0,0.0,4096.0,4096.0,0.0,9,4096.0,0.0,4096.0,4096.0,0.0,9,12288.0,0.0,12288.0,12288.0,0.0,9,16384.0,0.0,16384.0,16384.0,0.0,9,0.1587677275116767,0.05361193283601651,0.05968774407637486,0.22988383528569312,0.03502646278619745,9,18.88792045873878,8.838255972833705,3.420526855587269,30.726838168581054,5.774327235584688,9,234.08244444444446,3.163398414328773,230.509,240.555,2.0667536306947984,9,206.7797197469459,8.46582250371388,194.28168971516092,220.24470970704886,5.531004035759735,9,27.30272469749856,9.21945451801525,10.26429029295113,39.53231028483907,6.023376951769962,9,-26.33551272295402,6.108147042944251,-34.18165920763644,-15.763639223881881,3.9906560680569103,9,-1.5581390024836201,7.9092167855457705,-11.0608547381851,9.12149200420319,5.16735496655657,9,0.8992822103049244,0.02174277691456548,0.8708618607473313,0.9361456389380182,0.014205280917516114,9,0.992672022120171,0.03882398386334313,0.9452202030775434,1.0468970086412335,0.025365002790717513,9,0.8835324679281132,0.038868010266230206,0.8309241093996123,0.955471195081532,0.025393766707270404,9,0.1164675320718868,0.03886801026623022,0.04452880491846796,0.1690758906003878,0.02539376670727041,9,0.9103673820717904,0.04141335574523127,0.8552667413026462,0.9834164233753127,0.027056725753551097,9,161.83082666666667,0.6319428834950245,161.21856,162.47808,0.41286935055008267,9,1006.0154173248791,2.664603894890129,1004.0859434270031,1012.9037622236353,1.740874544661551,9,98.24369309813272,0.26021522411036263,98.05526791279327,98.91638302965188,0.17000727975210359,9,1927.2916666666667,7.525996611745184,1920.0,1935.0,4.916984453006854,9,1.6666666666666667,5.0,0.0,15.0,3.266666666666667,9,70.77777777777777,1.7159383568311666,67.0,72.0,1.1210797264630288,False,valid_no_l2_not_selected,valid no-L2 candidate but not first saturation point
NVIDIA GeForce RTX 3090,ampere,ga102,consumer,86,82,ga102,"RTX 3090 FE dense FP16 Tensor Core peak, no sparsity",https://www.nvidia.com/content/dam/en-zz/Solutions/geforce/ampere/pdf/NVIDIA-ampere-GA102-GPU-Architecture-Whitepaper-V1.pdf,142.0,284.0,tensor_core_mma_m16n16k16_f16acc,fp16-energy-bench-v2,fp16-energy-bench-v2,"nvml_timed_energy_counter,explicit_m16n16k16_denominator,strict_denominator_provenance,tensor_no_memory_warpsync_baseline","nvml_timed_energy_counter,explicit_m16n16k16_denominator,strict_denominator_provenance,tensor_no_memory_warpsync_baseline",bae1f83e791c,bae1f83e791c,10,True,True,tensor_mma_f16acc,tensor_baseline_mov,64,512.0,8,t64_b8,launch_shape_tensor_mma_f16acc_t064_b08,8,True,10,5,10,10,True,0,0,0,pure_fp16_candidate_no_l2:10,10,10,True,10,True,bench_json_metadata,logical_m16n16k16_input_bits_8192,valid_no_l2,stats use valid_basic rows with no intended L2/global traffic,False,10,1.081557238769,0.005680160747606884,1.06981433105,1.08711523438,0.003520600105911223,10,1.0321833129890001,0.005477817505691594,1.02279064941,1.0438000488299999,0.0033951864652466486,10,99.7513888888889,0.1625586841382266,99.33333333333333,99.88888888888889,0.10075491628206963,10,100.0,0.0,100.0,100.0,0.0,8,100.0,0.0,100.0,100.0,0.0,8,100.0,0.0,100.0,100.0,0.0,10,159.00291106839,0.8382993402781369,158.18604924442565,160.74421421445962,0.5195833141539068,10,0.12627210690418847,0.05759763365011508,0.053661236065363355,0.2004406297731618,0.035699383193383,10,20992000000.0,0.0,20992000000.0,20992000000.0,0.0,10,8192.0,0.0,8192.0,8192.0,0.0,10,8192.0,0.0,8192.0,8192.0,0.0,10,4096.0,0.0,4096.0,4096.0,0.0,10,4096.0,0.0,4096.0,4096.0,0.0,10,12288.0,0.0,12288.0,12288.0,0.0,10,16384.0,0.0,16384.0,16384.0,0.0,10,0.12627210690418847,0.05759763365011508,0.053661236065363355,0.2004406297731618,0.035699383193383,10,174.78202099657398,341.8446405790502,3.7198494980819703,906.8332461944633,211.87750334967816,10,235.23269999999997,2.559121683095372,231.03,239.509,1.5861600523085795,10,213.51813227385674,10.518359449669946,196.56093365597624,225.3833599135333,6.519346729425199,10,21.71456772614328,9.904861393577704,9.227933020029809,34.46906634402376,6.139096694747103,10,14.953977301927143,86.63474216099588,-33.434693960123695,184.94061227501774,53.69676950711232,10,3.1604109634357656,9.349627305946509,-8.952083767705517,19.930936080934487,5.794959041857004,10,1.5950627065312588,1.4747602618592897,0.8742431114434746,4.746665578071209,0.9140658803156133,10,1.0154028236855424,0.045696350549427556,0.9567722395149224,1.099683058218025,0.028322891504760847,10,0.9076287879597743,0.04234742851406613,0.8508026388606512,0.960615218734668,0.026247208122499314,10,0.09237121204022573,0.04234742851406612,0.039384781265331965,0.1491973611393488,0.02624720812249931,10,0.7863804323143619,0.31459049315313037,0.1860640330995233,0.9823739124491135,0.19498520776550154,10,161.801088,0.6299786287168844,161.21856,162.47808,0.39046479941908296,10,1006.287952601025,2.429821092692274,1004.7386257903053,1013.072504030123,1.5060187160868328,10,98.27030787119385,0.2372872160832305,98.11900642483448,98.9328617216917,0.14707214024285517,10,1926.9375,7.502603714711314,1920.0,1935.0,4.650161959545065,10,1.5,4.743416490252569,0.0,15.0,2.9399999999999995,10,70.7,1.9465068427541912,66.0,72.0,1.2064574404244668,False,valid_no_l2_not_selected,valid no-L2 candidate but not first saturation point
NVIDIA GeForce RTX 3090,ampere,ga102,consumer,86,82,ga102,"RTX 3090 FE dense FP16 Tensor Core peak, no sparsity",https://www.nvidia.com/content/dam/en-zz/Solutions/geforce/ampere/pdf/NVIDIA-ampere-GA102-GPU-Architecture-Whitepaper-V1.pdf,142.0,284.0,tensor_core_mma_m16n16k16_f16acc,fp16-energy-bench-v2,fp16-energy-bench-v2,"nvml_timed_energy_counter,explicit_m16n16k16_denominator,strict_denominator_provenance,tensor_no_memory_warpsync_baseline","nvml_timed_energy_counter,explicit_m16n16k16_denominator,strict_denominator_provenance,tensor_no_memory_warpsync_baseline",bae1f83e791c,bae1f83e791c,10,True,True,tensor_mma_f16acc,tensor_baseline_mov,256,1024.0,4,t256_b4,launch_shape_tensor_mma_f16acc_t256_b04,8,True,10,5,7,7,True,0,0,3,invalid_or_nonpositive_increment:3; pure_fp16_candidate_no_l2:7,7,10,True,10,True,bench_json_metadata,logical_m16n16k16_input_bits_8192,valid_no_l2,stats use valid_basic rows with no intended L2/global traffic,False,7,2.16467794364,0.007541255119322855,2.15298657227,2.17054638672,0.005586639973325879,7,1.025842677527143,0.0031557351409799627,1.02250494385,1.0293605957,0.0023378013082536943,7,99.88638876603272,0.0450847834037121,99.8125,99.94736842105263,0.03339927494384163,7,100.0,0.0,100.0,100.0,0.0,7,100.0,0.0,100.0,100.0,0.0,7,100.0,0.0,100.0,100.0,0.0,7,158.88576734664593,0.5551010488387749,158.45453942116893,159.74689876369015,0.411224611766785,7,0.11697108717296255,0.020428168067714903,0.08203848766356525,0.1381187568330779,0.015133398685385262,7,41984000000.0,0.0,41984000000.0,41984000000.0,0.0,7,8192.0,0.0,8192.0,8192.0,0.0,7,8192.0,0.0,8192.0,8192.0,0.0,7,4096.0,0.0,4096.0,4096.0,0.0,7,4096.0,0.0,4096.0,4096.0,0.0,7,12288.0,0.0,12288.0,12288.0,0.0,7,16384.0,0.0,16384.0,16384.0,0.0,7,0.11697108717296255,0.020428168067714903,0.08203848766356525,0.1381187568330779,0.015133398685385262,7,12.567557487867239,3.289945223778267,6.2650868429925595,15.763602905528472,2.4372255289597704,7,477.3764285714286,2.6572595442888653,473.935,481.442,1.9685254184795253,7,437.1462200686883,8.10660353387277,430.5121405429948,451.8262627291781,6.0054559398469225,7,40.230208502740254,7.02591965720529,28.215737270821876,47.50358844932049,5.204874120455905,7,-49.428064835881564,3.143903812930964,-54.97033533515918,-44.77903670417476,2.3290365377784576,7,7.260096459512182,3.8052421862401555,1.6650539028368314,13.502197250093246,2.8189628608856903,7,0.9061946252874611,0.005548163434064433,0.8960677239144783,0.9138710701281508,0.004110136990309447,7,1.035250250376001,0.018528482305779043,1.0080059926836873,1.0655068682233522,0.01372609177871455,7,0.9157066179358527,0.01478767386038557,0.9013306100229717,0.941222357062878,0.010954862101038994,7,0.0842933820641473,0.014787673860385582,0.05877764293712191,0.09866938997702836,0.010954862101039003,7,0.9414149951716553,0.01530740839035625,0.9269851746426031,0.9707822660574839,0.011339886828980126,7,161.57842285714287,0.6145828299400726,161.21856,162.47808,0.4552893318600853,7,1006.9365290906223,0.6975872970446189,1006.0271495094802,1008.1219561292028,0.5167799016065852,7,98.33364541900609,0.06812375947701681,98.24483881928518,98.44940977824247,0.050466787266270484,7,1924.2857142857142,7.319250547113999,1920.0,1935.0,5.422176684690383,7,0.0,0.0,0.0,0.0,0.0,7,72.28571428571429,0.7559289460184545,71.0,73.0,0.56,False,valid_no_l2_not_selected,valid no-L2 candidate but not first saturation point
NVIDIA GeForce RTX 3090,ampere,ga102,consumer,86,82,ga102,"RTX 3090 FE dense FP16 Tensor Core peak, no sparsity",https://www.nvidia.com/content/dam/en-zz/Solutions/geforce/ampere/pdf/NVIDIA-ampere-GA102-GPU-Architecture-Whitepaper-V1.pdf,142.0,284.0,tensor_core_mma_m16n16k16_f16acc,fp16-energy-bench-v2,fp16-energy-bench-v2,"nvml_timed_energy_counter,explicit_m16n16k16_denominator,strict_denominator_provenance,tensor_no_memory_warpsync_baseline","nvml_timed_energy_counter,explicit_m16n16k16_denominator,strict_denominator_provenance,tensor_no_memory_warpsync_baseline",bae1f83e791c,bae1f83e791c,10,True,True,tensor_mma_f16acc,tensor_baseline_mov,128,1024.0,8,t128_b8,launch_shape_tensor_mma_f16acc_t128_b08,8,True,10,5,8,8,True,0,0,2,invalid_or_nonpositive_increment:2; pure_fp16_candidate_no_l2:8,8,10,True,10,True,bench_json_metadata,logical_m16n16k16_input_bits_8192,valid_no_l2,stats use valid_basic rows with no intended L2/global traffic,False,8,2.167643341065,0.00548068124034629,2.15790185547,2.1719128418,0.0037979183331593447,8,1.0307694396975,0.002783310188170769,1.0272430419899998,1.03597460938,0.0019287355580371332,8,99.87775735294117,0.07874736654966394,99.75,99.9375,0.05456914095009306,8,100.0,0.0,100.0,100.0,0.0,8,100.0,0.0,100.0,100.0,0.0,8,100.0,0.0,100.0,100.0,0.0,8,158.66764130945134,0.4020623731780843,158.35484803108454,159.3830262151056,0.278615009923496,8,0.09847000138355587,0.029434517294475163,0.0632217801681034,0.1357221291185235,0.020397079844278573,8,41984000000.0,0.0,41984000000.0,41984000000.0,0.0,8,8192.0,0.0,8192.0,8192.0,0.0,8,8192.0,0.0,8192.0,8192.0,0.0,8,4096.0,0.0,4096.0,4096.0,0.0,8,4096.0,0.0,4096.0,4096.0,0.0,8,12288.0,0.0,12288.0,12288.0,0.0,8,16384.0,0.0,16384.0,16384.0,0.0,8,0.09847000138355587,0.029434517294475163,0.0632217801681034,0.1357221291185235,0.020397079844278573,8,9.844711343254303,4.162741909477677,4.205735660347159,15.623795190807158,2.8846329718706802,8,467.5085,10.932515460117775,446.805,479.613,7.5758467009305255,8,433.6414241039896,6.1486044650938085,425.0609480334119,443.79596726159093,4.260765513859682,8,33.86707589601042,10.123499717355482,21.74405196658813,46.679309262127845,7.0152273934925145,8,-59.20226519360224,11.66476985085773,-83.62695661803588,-51.217740223858755,8.083273105271456,8,4.115420064356904,7.063195386221922,-10.155915595097696,12.343924876621827,4.894544687354196,8,0.8876568549339711,0.02171163922895869,0.8423417828155937,0.9031942114504095,0.0150453983828831,8,1.0209015219906945,0.033361111098574474,0.9551286179607911,1.0615208888039873,0.023118070528005404,8,0.9278977777859896,0.020386469679294392,0.9012581746408121,0.9520239979721964,0.014127102735589344,8,0.0721022222140104,0.020386469679294424,0.047976002027803576,0.09874182535918789,0.014127102735589366,8,0.9534026432288268,0.01915503042460086,0.9266716964503697,0.9789636918091753,0.013273758868928502,8,161.60232,0.5729936974971306,161.21856,162.47808,0.39706437449582677,8,1005.4075322513737,1.1237026132376413,1003.1571358283556,1006.3761705418334,0.7786861831002327,8,98.18432932142322,0.10973658332399323,97.96456404573786,98.27892290447593,0.07604357256838545,8,1924.5703125,6.823953142829727,1920.0,1935.0,4.728758270958269,8,1.875,5.303300858899107,0.0,15.0,3.675,8,71.875,0.9910312089651149,70.0,73.0,0.6867495904622004,False,valid_no_l2_not_selected,valid no-L2 candidate but not first saturation point
NVIDIA GeForce RTX 3090,ampere,ga102,consumer,86,82,ga102,"RTX 3090 FE dense FP16 Tensor Core peak, no sparsity",https://www.nvidia.com/content/dam/en-zz/Solutions/geforce/ampere/pdf/NVIDIA-ampere-GA102-GPU-Architecture-Whitepaper-V1.pdf,142.0,284.0,tensor_core_mma_m16n16k16_f16acc,fp16-energy-bench-v2,fp16-energy-bench-v2,"nvml_timed_energy_counter,explicit_m16n16k16_denominator,strict_denominator_provenance,tensor_no_memory_warpsync_baseline","nvml_timed_energy_counter,explicit_m16n16k16_denominator,strict_denominator_provenance,tensor_no_memory_warpsync_baseline",bae1f83e791c,bae1f83e791c,10,True,True,tensor_mma_f16acc,tensor_baseline_mov,256,2048.0,8,t256_b8,launch_shape_tensor_mma_f16acc_t256_b08,8,True,10,5,5,5,True,0,0,5,invalid_or_nonpositive_increment:5; pure_fp16_candidate_no_l2:5,5,10,True,10,True,bench_json_metadata,logical_m16n16k16_input_bits_8192,valid_no_l2,stats use valid_basic rows with no intended L2/global traffic,False,5,4.33656640625,0.013095246711604227,4.313443359380001,4.34584375,0.011478489837076833,5,1.05382705078,0.008099074910368268,1.0437945556600001,1.06157653809,0.007099152165343013,5,99.94581105169341,0.02525916518205905,99.9090909090909,99.96969696969697,0.022140634477576113,5,100.0,0.0,100.0,100.0,0.0,5,100.0,0.0,100.0,100.0,0.0,5,100.0,0.0,100.0,100.0,0.0,5,158.62109065977123,0.48081196512101054,158.28131326626735,159.47024191338204,0.42145026945508823,5,0.07422558968892201,0.018090477799848226,0.049326658304319274,0.10039638611946602,0.015857002937517295,5,83968000000.0,0.0,83968000000.0,83968000000.0,0.0,5,8192.0,0.0,8192.0,8192.0,0.0,5,8192.0,0.0,8192.0,8192.0,0.0,5,4096.0,0.0,4096.0,4096.0,0.0,5,4096.0,0.0,4096.0,4096.0,0.0,5,12288.0,0.0,12288.0,12288.0,0.0,5,16384.0,0.0,16384.0,16384.0,0.0,5,0.07422558968892201,0.018090477799848226,0.049326658304319274,0.10039638611946602,0.015857002937517295,5,6.299152095121616,1.8840649495185524,5.215695978206696,9.648215153453123,1.6514557420500915,5,947.3248,9.101860754812716,936.748,961.312,7.978132712843521,5,896.267551211525,11.275398765414186,886.9356607327612,915.8678759618799,9.883322780250262,5,51.057248788475114,12.443821997241598,33.930124038120084,69.05924607737302,10.907490899209849,5,-110.03844641947936,17.916544979451125,-127.98684170353499,-83.36114282766948,15.704544098426231,5,-7.229243060443525,4.5352625712819075,-9.997237800059878,0.8269579812954362,3.9753329188371573,5,0.8960711623659552,0.01594238372560677,0.8797946336584976,0.9193143249940013,0.013974115463666491,5,0.9689090648882537,0.019534292697729758,0.9570941803700649,1.0036344043517618,0.017122562494884582,5,0.9461483118164168,0.01278093268726594,0.9281614646676906,0.9642764840122636,0.011202981447393675,5,0.053851688183583137,0.012780932687265907,0.03572351598773643,0.0718385353323094,0.011202981447393645,5,0.9704536755842629,0.008633852753379216,0.9551644284935946,0.9760246838380918,0.007567905612397625,5,161.470464,0.5632744678041112,161.21856,162.47808,0.49373184000000364,5,1005.9314657941704,0.6945694994588922,1005.0434355163675,1006.5784789404071,0.6088170094281299,5,98.23549470646195,0.06782905268153284,98.14877299964526,98.29867958402413,0.05945478607696615,5,1923.0,6.708203932499369,1920.0,1935.0,5.88,5,0.0,0.0,0.0,0.0,0.0,5,73.4,0.8944271909999159,72.0,74.0,0.7839999999999999,False,valid_no_l2_not_selected,valid no-L2 candidate but not first saturation point
